ID,age,cell,microcell,household
0.0.0.0,63,0,0,0
0.0.0.1,3,0,0,0
0.0.1.0,25,0,0,1
0.0.1.1,97,0,0,1
0.0.1.2,54,0,0,1
0.0.2.0,44,0,0,2
0.0.2.1,30,0,0,2
0.0.3.0,5,0,0,3
0.0.3.1,52,0,0,3
0.0.3.2,58,0,0,3
0.0.3.3,32,0,0,3
0.0.4.0,31,0,0,4
0.0.4.1,83,0,0,4
0.0.4.2,74,0,0,4
0.0.4.3,57,0,0,4
0.0.4.4,46,0,0,4
0.0.5.0,32,0,0,5
0.0.5.1,89,0,0,5
0.0.5.2,39,0,0,5
0.0.5.3,82,0,0,5
0.0.6.0,2,0,0,6
0.0.6.1,69,0,0,6
0.1.0.0,72,0,1,0
0.1.0.1,2,0,1,0
0.1.0.2,10,0,1,0
0.1.0.3,85,0,1,0
0.1.0.4,56,0,1,0
0.1.0.5,87,0,1,0
0.1.1.0,18,0,1,1
0.1.1.1,1,0,1,1
0.1.2.0,46,0,1,2
0.1.2.1,77,0,1,2
0.1.2.2,25,0,1,2
0.1.2.3,85,0,1,2
0.1.2.4,76,0,1,2
0.1.3.0,45,0,1,3
0.1.4.0,40,0,1,4
0.1.4.1,83,0,1,4
0.1.4.2,92,0,1,4
0.1.4.3,99,0,1,4
0.1.4.4,71,0,1,4
0.1.4.5,75,0,1,4
0.1.4.6,17,0,1,4
0.1.4.7,39,0,1,4
0.1.5.0,32,0,1,5
0.1.5.1,61,0,1,5
0.1.5.2,12,0,1,5
0.1.6.0,34,0,1,6
0.1.6.1,36,0,1,6
0.1.6.2,31,0,1,6
0.1.6.3,32,0,1,6
0.1.6.4,90,0,1,6
0.1.7.0,74,0,1,7
0.1.7.1,37,0,1,7
0.1.7.2,59,0,1,7
0.1.7.3,70,0,1,7
0.1.7.4,54,0,1,7
0.1.7.5,4,0,1,7
0.1.8.0,66,0,1,8
0.1.9.0,54,0,1,9
0.1.9.1,26,0,1,9
0.1.9.2,79,0,1,9
0.1.9.3,93,0,1,9
0.1.9.4,66,0,1,9
0.1.9.5,37,0,1,9
0.1.9.6,46,0,1,9
0.1.9.7,16,0,1,9
0.1.10.0,13,0,1,10
0.1.10.1,81,0,1,10
0.1.10.2,37,0,1,10
0.1.10.3,66,0,1,10
0.1.10.4,6,0,1,10
0.1.10.5,25,0,1,10
0.1.10.6,94,0,1,10
0.1.10.7,85,0,1,10
0.1.11.0,6,0,1,11
0.1.11.1,97,0,1,11
0.1.11.2,31,0,1,11
0.1.12.0,25,0,1,12
0.1.12.1,19,0,1,12
0.1.12.2,95,0,1,12
0.1.12.3,21,0,1,12
0.1.13.0,79,0,1,13
0.1.13.1,38,0,1,13
0.1.13.2,81,0,1,13
0.1.13.3,34,0,1,13
0.1.14.0,16,0,1,14
0.1.14.1,24,0,1,14
0.1.14.2,85,0,1,14
0.2.0.0,93,0,2,0
0.2.0.1,60,0,2,0
0.2.0.2,44,0,2,0
0.2.0.3,9,0,2,0
0.2.0.4,65,0,2,0
0.2.1.0,92,0,2,1
0.2.1.1,3,0,2,1
0.2.1.2,50,0,2,1
0.2.1.3,2,0,2,1
0.2.1.4,52,0,2,1
0.2.1.5,70,0,2,1
0.2.2.0,48,0,2,2
0.2.2.1,54,0,2,2
0.2.2.2,96,0,2,2
0.2.2.3,85,0,2,2
0.2.2.4,64,0,2,2
0.2.2.5,44,0,2,2
0.2.2.6,73,0,2,2
0.2.2.7,6,0,2,2
0.2.3.0,96,0,2,3
0.2.3.1,32,0,2,3
0.2.3.2,95,0,2,3
0.2.4.0,34,0,2,4
0.2.4.1,15,0,2,4
0.2.4.2,53,0,2,4
0.2.4.3,29,0,2,4
0.2.5.0,91,0,2,5
0.2.5.1,48,0,2,5
0.2.5.2,28,0,2,5
0.2.5.3,22,0,2,5
0.2.5.4,14,0,2,5
0.2.5.5,75,0,2,5
0.2.6.0,14,0,2,6
0.2.6.1,4,0,2,6
0.2.6.2,53,0,2,6
0.2.6.3,18,0,2,6
0.2.7.0,53,0,2,7
0.2.8.0,54,0,2,8
0.2.9.0,31,0,2,9
0.2.9.1,36,0,2,9
0.2.10.0,100,0,2,10
0.2.10.1,31,0,2,10
0.2.11.0,53,0,2,11
0.2.11.1,86,0,2,11
0.2.11.2,26,0,2,11
0.2.11.3,20,0,2,11
0.2.11.4,90,0,2,11
0.2.12.0,78,0,2,12
0.2.12.1,92,0,2,12
0.2.12.2,25,0,2,12
0.2.13.0,74,0,2,13
0.2.13.1,77,0,2,13
0.3.0.0,64,0,3,0
0.3.0.1,76,0,3,0
0.3.0.2,18,0,3,0
0.3.0.3,42,0,3,0
0.3.0.4,50,0,3,0
0.3.1.0,7,0,3,1
0.3.1.1,66,0,3,1
0.3.1.2,15,0,3,1
0.3.1.3,3,0,3,1
0.3.1.4,24,0,3,1
0.3.1.5,12,0,3,1
0.3.2.0,78,0,3,2
0.3.2.1,69,0,3,2
0.3.2.2,76,0,3,2
0.3.2.3,3,0,3,2
0.3.2.4,83,0,3,2
0.3.2.5,37,0,3,2
0.3.2.6,9,0,3,2
0.3.2.7,61,0,3,2
0.3.3.0,88,0,3,3
0.3.3.1,74,0,3,3
0.3.3.2,52,0,3,3
0.3.3.3,10,0,3,3
0.3.4.0,12,0,3,4
0.3.4.1,64,0,3,4
0.3.4.2,74,0,3,4
0.3.4.3,64,0,3,4
0.3.5.0,24,0,3,5
0.3.5.1,19,0,3,5
0.3.5.2,2,0,3,5
0.3.5.3,26,0,3,5
0.3.5.4,90,0,3,5
0.3.6.0,31,0,3,6
0.3.6.1,95,0,3,6
0.3.6.2,90,0,3,6
0.3.6.3,9,0,3,6
0.3.6.4,70,0,3,6
0.3.6.5,37,0,3,6
0.3.6.6,90,0,3,6
0.3.6.7,4,0,3,6
0.3.7.0,1,0,3,7
0.3.7.1,58,0,3,7
0.3.7.2,37,0,3,7
0.3.8.0,37,0,3,8
0.3.9.0,28,0,3,9
0.3.9.1,79,0,3,9
0.3.9.2,35,0,3,9
0.3.9.3,49,0,3,9
0.3.9.4,14,0,3,9
0.3.10.0,36,0,3,10
0.3.11.0,59,0,3,11
0.3.11.1,32,0,3,11
0.3.11.2,87,0,3,11
0.3.11.3,79,0,3,11
0.3.11.4,1,0,3,11
0.3.11.5,93,0,3,11
0.3.11.6,30,0,3,11
0.3.11.7,71,0,3,11
0.3.12.0,25,0,3,12
0.3.12.1,85,0,3,12
0.3.12.2,88,0,3,12
0.3.12.3,86,0,3,12
0.3.12.4,54,0,3,12
0.3.12.5,18,0,3,12
0.3.13.0,53,0,3,13
0.3.13.1,77,0,3,13
0.3.13.2,89,0,3,13
0.3.13.3,31,0,3,13
0.3.13.4,20,0,3,13
0.3.13.5,53,0,3,13
0.3.13.6,65,0,3,13
0.4.0.0,98,0,4,0
0.4.1.0,53,0,4,1
0.4.1.1,100,0,4,1
0.4.1.2,59,0,4,1
0.4.1.3,51,0,4,1
0.4.1.4,81,0,4,1
0.4.1.5,21,0,4,1
0.4.1.6,76,0,4,1
0.4.1.7,12,0,4,1
0.4.2.0,55,0,4,2
0.4.2.1,53,0,4,2
0.4.3.0,61,0,4,3
0.4.3.1,58,0,4,3
0.4.3.2,14,0,4,3
0.4.3.3,76,0,4,3
0.4.3.4,84,0,4,3
0.4.3.5,26,0,4,3
0.4.3.6,46,0,4,3
0.4.4.0,59,0,4,4
0.4.4.1,16,0,4,4
0.4.5.0,80,0,4,5
0.4.5.1,40,0,4,5
0.4.5.2,47,0,4,5
0.4.5.3,99,0,4,5
0.4.5.4,83,0,4,5
0.4.5.5,9,0,4,5
0.4.5.6,77,0,4,5
0.4.6.0,61,0,4,6
0.4.6.1,47,0,4,6
0.4.6.2,96,0,4,6
0.4.6.3,52,0,4,6
0.4.6.4,36,0,4,6
0.4.6.5,25,0,4,6
0.4.6.6,61,0,4,6
0.4.7.0,41,0,4,7
0.4.8.0,57,0,4,8
0.4.8.1,57,0,4,8
0.4.8.2,69,0,4,8
0.4.8.3,40,0,4,8
1.0.0.0,79,1,0,0
1.0.1.0,61,1,0,1
1.0.1.1,29,1,0,1
1.0.1.2,59,1,0,1
1.0.1.3,78,1,0,1
1.0.1.4,85,1,0,1
1.0.1.5,96,1,0,1
1.0.1.6,16,1,0,1
1.0.2.0,54,1,0,2
1.0.2.1,15,1,0,2
1.0.2.2,9,1,0,2
1.0.2.3,3,1,0,2
1.0.3.0,38,1,0,3
1.0.3.1,76,1,0,3
1.0.3.2,74,1,0,3
1.0.3.3,28,1,0,3
1.0.3.4,79,1,0,3
1.0.3.5,31,1,0,3
1.0.3.6,26,1,0,3
1.0.4.0,18,1,0,4
1.0.4.1,35,1,0,4
1.0.4.2,88,1,0,4
1.0.4.3,81,1,0,4
1.0.5.0,12,1,0,5
1.0.5.1,9,1,0,5
1.0.6.0,14,1,0,6
1.0.6.1,53,1,0,6
1.0.7.0,35,1,0,7
1.0.7.1,68,1,0,7
1.0.7.2,65,1,0,7
1.0.7.3,41,1,0,7
1.0.8.0,54,1,0,8
1.0.8.1,9,1,0,8
1.0.9.0,77,1,0,9
1.0.9.1,67,1,0,9
1.0.9.2,31,1,0,9
1.0.9.3,15,1,0,9
1.0.9.4,39,1,0,9
1.0.9.5,12,1,0,9
1.1.0.0,19,1,1,0
1.1.0.1,55,1,1,0
1.1.0.2,5,1,1,0
1.1.0.3,46,1,1,0
1.1.1.0,23,1,1,1
1.1.1.1,60,1,1,1
1.1.2.0,63,1,1,2
1.1.3.0,68,1,1,3
1.1.4.0,24,1,1,4
1.1.4.1,70,1,1,4
1.1.4.2,86,1,1,4
1.1.4.3,78,1,1,4
1.1.4.4,26,1,1,4
1.1.4.5,72,1,1,4
1.1.5.0,60,1,1,5
1.1.5.1,82,1,1,5
1.1.5.2,93,1,1,5
1.1.5.3,26,1,1,5
1.1.6.0,75,1,1,6
1.1.6.1,26,1,1,6
1.1.6.2,21,1,1,6
1.1.6.3,34,1,1,6
1.1.6.4,32,1,1,6
1.1.6.5,18,1,1,6
1.1.6.6,30,1,1,6
1.1.7.0,37,1,1,7
1.1.7.1,8,1,1,7
1.1.7.2,48,1,1,7
1.1.7.3,65,1,1,7
1.1.7.4,98,1,1,7
1.1.7.5,63,1,1,7
1.1.7.6,74,1,1,7
1.2.0.0,54,1,2,0
1.2.0.1,63,1,2,0
1.2.1.0,39,1,2,1
1.2.1.1,6,1,2,1
1.2.1.2,82,1,2,1
1.2.1.3,41,1,2,1
1.2.2.0,27,1,2,2
1.2.2.1,50,1,2,2
1.2.2.2,16,1,2,2
1.2.2.3,59,1,2,2
1.2.2.4,14,1,2,2
1.2.2.5,72,1,2,2
1.2.3.0,30,1,2,3
1.2.3.1,65,1,2,3
1.2.3.2,58,1,2,3
1.2.4.0,3,1,2,4
1.2.4.1,1,1,2,4
1.2.4.2,93,1,2,4
1.2.5.0,95,1,2,5
1.2.5.1,9,1,2,5
1.2.5.2,89,1,2,5
1.2.5.3,11,1,2,5
1.2.5.4,4,1,2,5
1.2.5.5,59,1,2,5
1.2.5.6,46,1,2,5
1.2.5.7,16,1,2,5
1.2.6.0,85,1,2,6
1.2.6.1,97,1,2,6
1.2.6.2,72,1,2,6
1.2.6.3,25,1,2,6
1.2.6.4,1,1,2,6
1.2.6.5,5,1,2,6
1.2.6.6,35,1,2,6
1.2.6.7,33,1,2,6
1.2.7.0,57,1,2,7
1.2.7.1,50,1,2,7
1.2.7.2,93,1,2,7
1.2.7.3,36,1,2,7
1.2.7.4,44,1,2,7
1.2.7.5,45,1,2,7
2.0.0.0,24,2,0,0
2.0.0.1,95,2,0,0
2.0.0.2,29,2,0,0
2.0.0.3,22,2,0,0
2.0.0.4,68,2,0,0
2.0.0.5,15,2,0,0
2.0.0.6,44,2,0,0
2.0.1.0,35,2,0,1
2.0.2.0,93,2,0,2
2.0.2.1,24,2,0,2
2.0.3.0,59,2,0,3
2.0.3.1,72,2,0,3
2.0.3.2,78,2,0,3
2.0.3.3,60,2,0,3
2.0.3.4,85,2,0,3
2.0.3.5,89,2,0,3
2.0.3.6,60,2,0,3
2.0.3.7,5,2,0,3
2.0.4.0,35,2,0,4
2.0.4.1,13,2,0,4
2.0.4.2,86,2,0,4
2.0.4.3,64,2,0,4
2.0.4.4,64,2,0,4
2.0.4.5,48,2,0,4
2.0.4.6,28,2,0,4
2.0.4.7,10,2,0,4
2.0.5.0,66,2,0,5
2.0.5.1,98,2,0,5
2.0.6.0,97,2,0,6
2.0.6.1,67,2,0,6
2.0.6.2,22,2,0,6
2.0.6.3,20,2,0,6
2.0.6.4,71,2,0,6
2.0.6.5,19,2,0,6
2.0.7.0,12,2,0,7
2.0.7.1,95,2,0,7
2.0.7.2,37,2,0,7
2.0.7.3,29,2,0,7
2.0.7.4,77,2,0,7
2.0.7.5,51,2,0,7
2.0.7.6,9,2,0,7
2.0.8.0,45,2,0,8
2.0.9.0,67,2,0,9
2.0.9.1,31,2,0,9
2.0.9.2,11,2,0,9
2.0.9.3,75,2,0,9
2.0.9.4,32,2,0,9
2.0.9.5,34,2,0,9
2.0.10.0,100,2,0,10
2.0.10.1,2,2,0,10
2.0.10.2,80,2,0,10
2.0.10.3,72,2,0,10
2.0.10.4,81,2,0,10
2.0.10.5,39,2,0,10
2.0.10.6,22,2,0,10
2.0.10.7,88,2,0,10
2.1.0.0,78,2,1,0
2.1.0.1,45,2,1,0
2.1.0.2,34,2,1,0
2.1.0.3,34,2,1,0
2.1.0.4,33,2,1,0
2.1.0.5,14,2,1,0
2.1.0.6,99,2,1,0
2.1.0.7,96,2,1,0
2.1.1.0,48,2,1,1
2.1.1.1,60,2,1,1
2.1.1.2,12,2,1,1
2.1.1.3,27,2,1,1
2.1.1.4,74,2,1,1
2.1.1.5,8,2,1,1
2.1.1.6,8,2,1,1
2.1.2.0,45,2,1,2
2.1.2.1,62,2,1,2
2.1.2.2,94,2,1,2
2.1.2.3,98,2,1,2
2.1.3.0,28,2,1,3
2.1.3.1,73,2,1,3
2.1.3.2,94,2,1,3
2.1.3.3,36,2,1,3
2.1.3.4,3,2,1,3
2.1.3.5,37,2,1,3
2.1.4.0,78,2,1,4
2.1.4.1,52,2,1,4
2.1.4.2,91,2,1,4
2.1.4.3,33,2,1,4
2.1.5.0,94,2,1,5
2.1.5.1,19,2,1,5
2.1.5.2,69,2,1,5
2.1.5.3,47,2,1,5
2.1.5.4,82,2,1,5
2.1.5.5,86,2,1,5
2.1.5.6,73,2,1,5
2.1.6.0,12,2,1,6
2.1.6.1,84,2,1,6
2.1.6.2,41,2,1,6
2.1.6.3,10,2,1,6
2.1.6.4,86,2,1,6
2.1.6.5,29,2,1,6
2.1.6.6,72,2,1,6
2.1.6.7,10,2,1,6
2.1.7.0,77,2,1,7
2.1.7.1,64,2,1,7
2.1.7.2,32,2,1,7
2.1.7.3,28,2,1,7
2.1.7.4,38,2,1,7
2.1.7.5,3,2,1,7
2.1.7.6,95,2,1,7
2.1.7.7,54,2,1,7
2.1.8.0,83,2,1,8
2.1.8.1,32,2,1,8
2.1.9.0,20,2,1,9
2.1.9.1,48,2,1,9
2.1.9.2,37,2,1,9
2.1.9.3,20,2,1,9
2.1.9.4,34,2,1,9
2.1.9.5,29,2,1,9
2.1.9.6,68,2,1,9
2.1.9.7,2,2,1,9
2.2.0.0,46,2,2,0
2.2.0.1,100,2,2,0
2.2.0.2,67,2,2,0
2.2.1.0,3,2,2,1
2.2.2.0,66,2,2,2
2.2.2.1,96,2,2,2
2.2.2.2,90,2,2,2
2.2.2.3,25,2,2,2
2.2.2.4,95,2,2,2
2.2.2.5,3,2,2,2
2.2.2.6,85,2,2,2
2.2.2.7,78,2,2,2
2.3.0.0,5,2,3,0
2.3.0.1,9,2,3,0
2.3.0.2,97,2,3,0
2.3.0.3,67,2,3,0
2.3.1.0,95,2,3,1
2.3.1.1,24,2,3,1
2.3.2.0,59,2,3,2
2.3.2.1,88,2,3,2
2.3.2.2,84,2,3,2
2.3.3.0,71,2,3,3
2.3.3.1,72,2,3,3
2.3.3.2,96,2,3,3
2.3.3.3,83,2,3,3
2.3.3.4,58,2,3,3
2.3.3.5,14,2,3,3
2.3.4.0,86,2,3,4
2.3.4.1,35,2,3,4
2.3.4.2,46,2,3,4
2.3.4.3,63,2,3,4
2.3.4.4,46,2,3,4
2.3.4.5,7,2,3,4
2.3.4.6,59,2,3,4
2.3.4.7,95,2,3,4
2.3.5.0,73,2,3,5
2.3.6.0,5,2,3,6
2.3.6.1,50,2,3,6
2.3.7.0,48,2,3,7
2.3.7.1,39,2,3,7
2.3.7.2,90,2,3,7
2.3.7.3,21,2,3,7
2.3.7.4,16,2,3,7
2.3.8.0,68,2,3,8
2.3.8.1,97,2,3,8
2.3.9.0,29,2,3,9
2.3.9.1,15,2,3,9
2.3.9.2,42,2,3,9
2.3.9.3,16,2,3,9
2.3.10.0,98,2,3,10
2.3.10.1,14,2,3,10
2.3.10.2,80,2,3,10
2.3.10.3,89,2,3,10
2.3.10.4,32,2,3,10
2.3.10.5,72,2,3,10
2.3.11.0,13,2,3,11
2.3.11.1,41,2,3,11
2.3.11.2,24,2,3,11
2.4.0.0,78,2,4,0
2.4.0.1,23,2,4,0
2.4.0.2,11,2,4,0
2.4.0.3,62,2,4,0
2.4.0.4,69,2,4,0
2.4.0.5,1,2,4,0
2.4.0.6,90,2,4,0
2.4.1.0,14,2,4,1
2.4.1.1,80,2,4,1
2.4.2.0,54,2,4,2
2.4.2.1,12,2,4,2
2.4.2.2,42,2,4,2
2.4.3.0,41,2,4,3
2.4.3.1,44,2,4,3
2.4.4.0,67,2,4,4
2.4.4.1,86,2,4,4
2.4.5.0,72,2,4,5
2.4.6.0,93,2,4,6
2.4.6.1,74,2,4,6
2.4.7.0,38,2,4,7
2.4.7.1,33,2,4,7
2.4.7.2,28,2,4,7
2.4.7.3,13,2,4,7
2.4.7.4,60,2,4,7
2.4.7.5,3,2,4,7
2.4.7.6,19,2,4,7
2.4.7.7,43,2,4,7
2.4.8.0,95,2,4,8
2.4.8.1,91,2,4,8
2.4.8.2,28,2,4,8
2.4.8.3,7,2,4,8
2.4.9.0,58,2,4,9
2.4.9.1,1,2,4,9
2.4.9.2,89,2,4,9
2.4.9.3,24,2,4,9
2.4.9.4,19,2,4,9
2.4.9.5,63,2,4,9
2.4.9.6,6,2,4,9
2.5.0.0,56,2,5,0
2.5.0.1,81,2,5,0
2.5.0.2,16,2,5,0
2.5.1.0,2,2,5,1
2.5.1.1,19,2,5,1
2.5.1.2,32,2,5,1
2.5.1.3,26,2,5,1
2.5.1.4,48,2,5,1
2.5.1.5,10,2,5,1
2.5.2.0,90,2,5,2
2.5.2.1,47,2,5,2
2.5.3.0,43,2,5,3
2.5.3.1,96,2,5,3
2.5.3.2,49,2,5,3
2.5.3.3,32,2,5,3
2.5.3.4,32,2,5,3
2.5.3.5,40,2,5,3
2.5.3.6,14,2,5,3
2.5.4.0,3,2,5,4
2.5.4.1,92,2,5,4
2.5.4.2,63,2,5,4
2.5.4.3,48,2,5,4
2.5.5.0,37,2,5,5
2.5.5.1,49,2,5,5
2.5.5.2,77,2,5,5
2.5.5.3,48,2,5,5
2.5.5.4,71,2,5,5
2.5.5.5,71,2,5,5
2.5.5.6,87,2,5,5
2.5.6.0,91,2,5,6
2.5.6.1,55,2,5,6
2.5.6.2,33,2,5,6
2.5.6.3,53,2,5,6
2.5.7.0,77,2,5,7
2.5.7.1,64,2,5,7
2.5.7.2,52,2,5,7
2.5.7.3,20,2,5,7
2.5.7.4,52,2,5,7
2.5.8.0,95,2,5,8
2.5.8.1,68,2,5,8
2.5.8.2,52,2,5,8
2.5.8.3,49,2,5,8
2.5.8.4,51,2,5,8
2.5.8.5,50,2,5,8
2.5.8.6,13,2,5,8
2.5.9.0,99,2,5,9
2.5.9.1,62,2,5,9
2.5.9.2,68,2,5,9
2.5.9.3,82,2,5,9
2.5.9.4,93,2,5,9
2.5.10.0,28,2,5,10
2.5.10.1,83,2,5,10
2.5.10.2,97,2,5,10
2.5.10.3,79,2,5,10
2.5.11.0,85,2,5,11
2.5.11.1,70,2,5,11
2.5.11.2,32,2,5,11
2.6.0.0,68,2,6,0
2.6.0.1,11,2,6,0
2.6.0.2,31,2,6,0
2.6.0.3,5,2,6,0
2.6.0.4,100,2,6,0
2.6.0.5,74,2,6,0
2.6.0.6,84,2,6,0
2.6.1.0,64,2,6,1
2.6.1.1,46,2,6,1
2.6.1.2,5,2,6,1
2.7.0.0,30,2,7,0
2.7.0.1,85,2,7,0
2.7.0.2,26,2,7,0
2.7.0.3,68,2,7,0
2.7.0.4,53,2,7,0
2.7.0.5,61,2,7,0
2.7.1.0,64,2,7,1
2.7.1.1,45,2,7,1
2.7.2.0,60,2,7,2
2.7.2.1,44,2,7,2
2.7.2.2,90,2,7,2
2.7.2.3,44,2,7,2
2.7.3.0,10,2,7,3
2.7.3.1,78,2,7,3
2.7.3.2,72,2,7,3
2.7.3.3,36,2,7,3
2.7.3.4,71,2,7,3
2.7.4.0,99,2,7,4
2.7.4.1,17,2,7,4
2.7.4.2,68,2,7,4
2.7.4.3,84,2,7,4
2.7.4.4,10,2,7,4
2.7.4.5,41,2,7,4
2.7.5.0,76,2,7,5
2.7.5.1,85,2,7,5
2.7.5.2,72,2,7,5
2.7.5.3,83,2,7,5
2.7.5.4,87,2,7,5
2.7.6.0,68,2,7,6
2.7.6.1,67,2,7,6
2.7.7.0,91,2,7,7
2.7.7.1,77,2,7,7
2.7.7.2,26,2,7,7
2.7.7.3,3,2,7,7
2.7.7.4,95,2,7,7
2.7.7.5,89,2,7,7
2.7.8.0,85,2,7,8
2.7.8.1,96,2,7,8
2.7.8.2,54,2,7,8
2.7.8.3,2,2,7,8
2.7.9.0,25,2,7,9
2.7.9.1,68,2,7,9
2.7.9.2,90,2,7,9
2.7.9.3,17,2,7,9
2.7.9.4,96,2,7,9
2.7.9.5,16,2,7,9
2.7.10.0,28,2,7,10
2.7.10.1,86,2,7,10
2.7.10.2,7,2,7,10
2.7.10.3,83,2,7,10
2.7.10.4,96,2,7,10
2.7.11.0,11,2,7,11
2.7.11.1,76,2,7,11
2.7.11.2,14,2,7,11
2.7.11.3,57,2,7,11
2.7.12.0,30,2,7,12
2.7.12.1,93,2,7,12
2.7.12.2,2,2,7,12
2.7.12.3,99,2,7,12
2.7.12.4,19,2,7,12
2.7.12.5,42,2,7,12
2.7.12.6,69,2,7,12
2.7.12.7,58,2,7,12
2.7.13.0,76,2,7,13
2.7.13.1,26,2,7,13
2.7.13.2,45,2,7,13
2.7.13.3,55,2,7,13
2.7.13.4,62,2,7,13
2.7.13.5,20,2,7,13
2.7.14.0,69,2,7,14
2.7.14.1,43,2,7,14
2.8.0.0,40,2,8,0
2.8.0.1,27,2,8,0
2.8.0.2,88,2,8,0
2.8.0.3,35,2,8,0
2.8.0.4,90,2,8,0
2.8.1.0,28,2,8,1
2.8.1.1,96,2,8,1
2.8.1.2,5,2,8,1
2.8.1.3,37,2,8,1
2.8.1.4,77,2,8,1
2.8.1.5,39,2,8,1
2.8.2.0,58,2,8,2
2.8.2.1,72,2,8,2
2.8.2.2,4,2,8,2
2.8.2.3,68,2,8,2
2.8.2.4,20,2,8,2
2.8.3.0,16,2,8,3
2.8.3.1,67,2,8,3
2.8.3.2,5,2,8,3
2.8.3.3,67,2,8,3
2.8.3.4,2,2,8,3
2.8.3.5,53,2,8,3
2.8.3.6,77,2,8,3
2.8.3.7,4,2,8,3
2.8.4.0,17,2,8,4
2.8.4.1,41,2,8,4
2.8.4.2,74,2,8,4
2.8.4.3,14,2,8,4
2.8.4.4,77,2,8,4
2.8.4.5,48,2,8,4
2.8.4.6,87,2,8,4
2.9.0.0,12,2,9,0
2.9.0.1,19,2,9,0
2.9.0.2,60,2,9,0
2.9.0.3,89,2,9,0
2.9.0.4,30,2,9,0
2.9.0.5,19,2,9,0
2.9.1.0,98,2,9,1
2.9.1.1,47,2,9,1
2.9.1.2,64,2,9,1
2.9.1.3,77,2,9,1
2.9.1.4,23,2,9,1
2.9.1.5,22,2,9,1
2.9.1.6,69,2,9,1
2.9.2.0,83,2,9,2
2.9.3.0,2,2,9,3
2.9.3.1,58,2,9,3
2.9.3.2,30,2,9,3
2.9.3.3,11,2,9,3
2.9.4.0,16,2,9,4
2.9.4.1,9,2,9,4
2.9.4.2,26,2,9,4
2.9.4.3,97,2,9,4
2.9.4.4,54,2,9,4
2.9.4.5,69,2,9,4
2.9.5.0,6,2,9,5
2.9.6.0,28,2,9,6
2.9.6.1,29,2,9,6
2.9.6.2,16,2,9,6
2.9.6.3,36,2,9,6
2.9.6.4,61,2,9,6
2.9.6.5,97,2,9,6
2.9.6.6,28,2,9,6
2.9.7.0,92,2,9,7
2.9.7.1,72,2,9,7
2.9.7.2,31,2,9,7
2.9.7.3,21,2,9,7
2.9.7.4,34,2,9,7
2.9.8.0,71,2,9,8
2.9.8.1,68,2,9,8
2.9.8.2,37,2,9,8
2.9.8.3,29,2,9,8
2.9.8.4,79,2,9,8
2.9.9.0,24,2,9,9
2.9.9.1,32,2,9,9
2.9.9.2,28,2,9,9
2.9.10.0,5,2,9,10
2.9.10.1,51,2,9,10
2.9.10.2,59,2,9,10
2.9.10.3,88,2,9,10
2.9.10.4,62,2,9,10
2.9.10.5,9,2,9,10
2.9.10.6,4,2,9,10
2.9.10.7,38,2,9,10
2.9.11.0,14,2,9,11
2.9.11.1,56,2,9,11
2.9.12.0,51,2,9,12
2.9.12.1,74,2,9,12
2.9.12.2,91,2,9,12
2.9.12.3,54,2,9,12
2.9.12.4,12,2,9,12
2.9.12.5,61,2,9,12
2.9.12.6,64,2,9,12
2.9.12.7,86,2,9,12
2.9.13.0,71,2,9,13
2.9.13.1,55,2,9,13
2.9.13.2,84,2,9,13
2.9.13.3,55,2,9,13
2.10.0.0,47,2,10,0
2.10.0.1,90,2,10,0
2.10.0.2,43,2,10,0
2.10.0.3,25,2,10,0
2.10.0.4,21,2,10,0
2.10.1.0,72,2,10,1
2.10.1.1,37,2,10,1
2.10.1.2,27,2,10,1
2.10.1.3,70,2,10,1
2.10.1.4,47,2,10,1
2.10.2.0,80,2,10,2
2.11.0.0,5,2,11,0
2.11.0.1,57,2,11,0
2.11.0.2,23,2,11,0
2.11.0.3,15,2,11,0
2.11.0.4,75,2,11,0
2.11.0.5,2,2,11,0
2.11.0.6,8,2,11,0
2.11.1.0,14,2,11,1
2.11.1.1,68,2,11,1
2.11.2.0,7,2,11,2
2.11.2.1,51,2,11,2
2.11.2.2,20,2,11,2
2.11.2.3,91,2,11,2
2.11.2.4,31,2,11,2
2.11.2.5,19,2,11,2
2.11.2.6,71,2,11,2
2.11.2.7,44,2,11,2
2.11.3.0,13,2,11,3
2.11.3.1,5,2,11,3
2.11.3.2,14,2,11,3
2.11.3.3,93,2,11,3
2.11.3.4,52,2,11,3
2.11.3.5,21,2,11,3
2.11.3.6,81,2,11,3
2.11.4.0,20,2,11,4
2.11.4.1,29,2,11,4
2.11.4.2,78,2,11,4
2.11.5.0,44,2,11,5
2.11.5.1,11,2,11,5
2.11.6.0,99,2,11,6
2.11.7.0,90,2,11,7
2.11.7.1,15,2,11,7
2.12.0.0,100,2,12,0
2.12.0.1,67,2,12,0
2.12.0.2,28,2,12,0
2.12.0.3,23,2,12,0
2.12.0.4,4,2,12,0
2.12.0.5,48,2,12,0
2.12.0.6,34,2,12,0
2.12.0.7,88,2,12,0
2.12.1.0,62,2,12,1
2.12.2.0,2,2,12,2
2.12.2.1,50,2,12,2
2.12.2.2,25,2,12,2
2.12.2.3,25,2,12,2
2.12.3.0,63,2,12,3
2.12.3.1,83,2,12,3
2.12.3.2,76,2,12,3
2.12.3.3,8,2,12,3
2.12.4.0,9,2,12,4
2.12.5.0,10,2,12,5
2.12.5.1,22,2,12,5
2.12.5.2,8,2,12,5
2.12.5.3,94,2,12,5
2.12.5.4,80,2,12,5
2.12.5.5,90,2,12,5
2.12.5.6,90,2,12,5
2.12.5.7,60,2,12,5
2.12.6.0,68,2,12,6
2.12.6.1,10,2,12,6
2.12.6.2,53,2,12,6
2.12.6.3,8,2,12,6
2.12.6.4,34,2,12,6
2.12.6.5,45,2,12,6
2.12.6.6,88,2,12,6
2.12.7.0,81,2,12,7
2.12.7.1,58,2,12,7
2.12.7.2,51,2,12,7
2.12.7.3,58,2,12,7
2.13.0.0,23,2,13,0
2.13.1.0,33,2,13,1
2.13.1.1,59,2,13,1
2.13.1.2,70,2,13,1
2.13.2.0,26,2,13,2
2.13.2.1,46,2,13,2
2.13.2.2,47,2,13,2
2.13.2.3,96,2,13,2
2.13.3.0,26,2,13,3
2.13.3.1,26,2,13,3
2.13.3.2,100,2,13,3
2.13.3.3,64,2,13,3
2.13.3.4,19,2,13,3
2.13.3.5,60,2,13,3
2.13.3.6,7,2,13,3
2.13.4.0,17,2,13,4
2.13.4.1,31,2,13,4
2.13.4.2,69,2,13,4
2.13.4.3,96,2,13,4
2.13.5.0,40,2,13,5
2.13.5.1,94,2,13,5
2.13.5.2,45,2,13,5
2.13.5.3,19,2,13,5
2.13.5.4,55,2,13,5
2.13.6.0,37,2,13,6
2.13.6.1,86,2,13,6
2.13.6.2,55,2,13,6
2.13.6.3,6,2,13,6
2.13.6.4,44,2,13,6
2.13.7.0,77,2,13,7
2.13.8.0,99,2,13,8
2.13.8.1,50,2,13,8
2.13.8.2,52,2,13,8
2.13.8.3,15,2,13,8
2.13.9.0,14,2,13,9
2.13.9.1,91,2,13,9
2.13.9.2,61,2,13,9
2.13.9.3,3,2,13,9
2.13.9.4,10,2,13,9
2.13.9.5,69,2,13,9
2.13.9.6,24,2,13,9
2.13.10.0,91,2,13,10
2.13.10.1,52,2,13,10
2.14.0.0,65,2,14,0
2.14.0.1,51,2,14,0
2.15.0.0,66,2,15,0
2.15.0.1,6,2,15,0
2.15.0.2,10,2,15,0
2.15.0.3,94,2,15,0
2.15.0.4,38,2,15,0
2.15.0.5,69,2,15,0
2.15.0.6,51,2,15,0
2.15.0.7,79,2,15,0
2.15.1.0,99,2,15,1
2.15.1.1,41,2,15,1
2.15.1.2,22,2,15,1
2.15.1.3,21,2,15,1
2.15.1.4,41,2,15,1
2.15.1.5,32,2,15,1
2.15.2.0,70,2,15,2
2.15.2.1,71,2,15,2
2.15.2.2,79,2,15,2
2.15.2.3,40,2,15,2
2.15.2.4,89,2,15,2
2.15.2.5,34,2,15,2
2.15.2.6,20,2,15,2
2.15.3.0,82,2,15,3
2.15.3.1,12,2,15,3
2.15.3.2,66,2,15,3
2.15.3.3,34,2,15,3
2.15.3.4,8,2,15,3
2.15.4.0,29,2,15,4
2.15.4.1,49,2,15,4
2.15.4.2,4,2,15,4
2.15.4.3,15,2,15,4
2.15.5.0,77,2,15,5
2.15.5.1,89,2,15,5
2.15.6.0,20,2,15,6
2.15.6.1,65,2,15,6
2.15.7.0,85,2,15,7
2.15.7.1,10,2,15,7
2.15.7.2,23,2,15,7
2.15.7.3,79,2,15,7
2.15.7.4,52,2,15,7
2.15.8.0,33,2,15,8
2.15.8.1,99,2,15,8
2.15.8.2,36,2,15,8
2.15.8.3,28,2,15,8
2.15.9.0,63,2,15,9
2.15.9.1,79,2,15,9
2.15.9.2,48,2,15,9
2.15.9.3,15,2,15,9
2.15.9.4,29,2,15,9
2.15.9.5,65,2,15,9
2.15.9.6,25,2,15,9
2.15.9.7,4,2,15,9
2.15.10.0,21,2,15,10
2.15.11.0,12,2,15,11
2.15.11.1,15,2,15,11
2.15.11.2,96,2,15,11
2.15.11.3,23,2,15,11
2.15.11.4,70,2,15,11
2.15.11.5,32,2,15,11
2.15.11.6,14,2,15,11
2.15.11.7,94,2,15,11
2.15.12.0,29,2,15,12
2.15.12.1,10,2,15,12
2.15.12.2,77,2,15,12
2.15.12.3,37,2,15,12
2.15.13.0,45,2,15,13
2.15.13.1,84,2,15,13
2.15.13.2,65,2,15,13
2.15.13.3,74,2,15,13
2.16.0.0,20,2,16,0
2.16.0.1,24,2,16,0
2.16.0.2,98,2,16,0
2.16.1.0,38,2,16,1
2.16.2.0,26,2,16,2
2.16.2.1,79,2,16,2
2.16.3.0,43,2,16,3
2.17.0.0,57,2,17,0
2.17.0.1,4,2,17,0
2.17.0.2,30,2,17,0
2.17.0.3,88,2,17,0
2.17.1.0,64,2,17,1
2.17.1.1,100,2,17,1
2.17.2.0,63,2,17,2
2.17.2.1,89,2,17,2
2.17.2.2,78,2,17,2
2.17.2.3,54,2,17,2
2.17.3.0,59,2,17,3
2.17.3.1,83,2,17,3
2.17.3.2,85,2,17,3
2.17.3.3,34,2,17,3
2.17.3.4,81,2,17,3
2.17.3.5,27,2,17,3
2.17.3.6,22,2,17,3
2.17.3.7,95,2,17,3
2.18.0.0,17,2,18,0
2.18.0.1,89,2,18,0
2.18.1.0,30,2,18,1
2.18.2.0,36,2,18,2
2.18.2.1,35,2,18,2
2.18.2.2,90,2,18,2
2.18.2.3,60,2,18,2
2.18.2.4,64,2,18,2
2.18.3.0,52,2,18,3
2.18.3.1,22,2,18,3
2.18.3.2,28,2,18,3
2.18.4.0,31,2,18,4
2.18.4.1,66,2,18,4
2.18.4.2,85,2,18,4
2.18.4.3,21,2,18,4
2.18.4.4,6,2,18,4
2.18.4.5,37,2,18,4
2.18.4.6,91,2,18,4
2.18.4.7,30,2,18,4
2.18.5.0,31,2,18,5
2.18.5.1,83,2,18,5
2.18.5.2,40,2,18,5
2.18.5.3,9,2,18,5
2.18.5.4,34,2,18,5
2.18.5.5,68,2,18,5
2.18.5.6,22,2,18,5
2.18.5.7,76,2,18,5
3.0.0.0,56,3,0,0
3.0.0.1,13,3,0,0
3.0.1.0,92,3,0,1
3.0.1.1,35,3,0,1
3.0.1.2,46,3,0,1
3.0.1.3,38,3,0,1
3.0.2.0,10,3,0,2
3.0.2.1,47,3,0,2
3.0.2.2,47,3,0,2
3.0.2.3,67,3,0,2
3.0.2.4,28,3,0,2
3.0.2.5,3,3,0,2
3.0.2.6,3,3,0,2
3.0.3.0,7,3,0,3
3.0.3.1,33,3,0,3
3.0.3.2,87,3,0,3
3.0.3.3,84,3,0,3
3.0.3.4,10,3,0,3
3.0.3.5,24,3,0,3
3.0.3.6,74,3,0,3
3.0.3.7,34,3,0,3
3.0.4.0,61,3,0,4
3.0.4.1,31,3,0,4
3.0.5.0,43,3,0,5
3.0.5.1,86,3,0,5
3.0.6.0,75,3,0,6
3.0.6.1,28,3,0,6
3.0.6.2,3,3,0,6
3.0.6.3,16,3,0,6
3.0.6.4,54,3,0,6
3.0.7.0,23,3,0,7
3.0.7.1,39,3,0,7
3.0.7.2,95,3,0,7
3.0.7.3,15,3,0,7
3.1.0.0,39,3,1,0
3.1.0.1,46,3,1,0
3.1.0.2,23,3,1,0
3.1.0.3,85,3,1,0
3.1.1.0,19,3,1,1
3.1.1.1,3,3,1,1
3.1.1.2,37,3,1,1
3.1.1.3,24,3,1,1
3.1.1.4,60,3,1,1
3.1.1.5,66,3,1,1
3.1.2.0,22,3,1,2
3.1.2.1,48,3,1,2
3.1.2.2,34,3,1,2
3.1.2.3,27,3,1,2
3.1.2.4,69,3,1,2
3.1.2.5,64,3,1,2
3.1.2.6,96,3,1,2
3.2.0.0,5,3,2,0
3.2.0.1,24,3,2,0
3.2.0.2,6,3,2,0
3.2.0.3,88,3,2,0
3.2.0.4,1,3,2,0
3.2.0.5,50,3,2,0
3.2.0.6,9,3,2,0
3.2.0.7,97,3,2,0
3.2.1.0,31,3,2,1
3.2.1.1,28,3,2,1
3.2.1.2,98,3,2,1
3.2.2.0,90,3,2,2
3.2.2.1,26,3,2,2
3.2.2.2,94,3,2,2
3.2.2.3,17,3,2,2
3.2.3.0,31,3,2,3
3.2.3.1,98,3,2,3
3.2.3.2,17,3,2,3
3.2.3.3,2,3,2,3
3.2.3.4,6,3,2,3
3.2.3.5,3,3,2,3
3.2.3.6,96,3,2,3
3.2.4.0,62,3,2,4
3.2.4.1,35,3,2,4
3.2.4.2,56,3,2,4
3.2.4.3,8,3,2,4
3.2.4.4,49,3,2,4
3.2.4.5,25,3,2,4
3.2.4.6,5,3,2,4
3.2.4.7,99,3,2,4
3.2.5.0,63,3,2,5
3.2.5.1,9,3,2,5
3.2.5.2,100,3,2,5
3.2.5.3,87,3,2,5
3.2.6.0,18,3,2,6
3.2.6.1,71,3,2,6
3.2.6.2,69,3,2,6
3.2.6.3,66,3,2,6
3.2.6.4,35,3,2,6
3.2.6.5,47,3,2,6
3.2.7.0,97,3,2,7
3.2.7.1,20,3,2,7
3.2.7.2,9,3,2,7
3.2.8.0,100,3,2,8
3.2.8.1,47,3,2,8
3.2.8.2,16,3,2,8
3.2.8.3,72,3,2,8
3.2.8.4,77,3,2,8
3.2.8.5,91,3,2,8
3.2.9.0,55,3,2,9
3.2.9.1,3,3,2,9
3.2.9.2,70,3,2,9
3.2.9.3,20,3,2,9
3.2.9.4,87,3,2,9
3.2.9.5,56,3,2,9
3.3.0.0,87,3,3,0
3.3.0.1,44,3,3,0
3.3.0.2,51,3,3,0
3.3.0.3,92,3,3,0
3.3.0.4,58,3,3,0
3.3.0.5,26,3,3,0
3.3.0.6,43,3,3,0
3.3.1.0,67,3,3,1
3.3.2.0,1,3,3,2
3.3.2.1,27,3,3,2
3.3.3.0,11,3,3,3
3.3.3.1,8,3,3,3
3.3.4.0,48,3,3,4
3.3.4.1,68,3,3,4
3.3.4.2,9,3,3,4
3.3.4.3,55,3,3,4
3.3.5.0,62,3,3,5
3.3.5.1,21,3,3,5
3.3.5.2,30,3,3,5
3.3.5.3,42,3,3,5
3.3.5.4,42,3,3,5
3.3.5.5,79,3,3,5
3.3.5.6,73,3,3,5
3.3.6.0,50,3,3,6
3.3.6.1,45,3,3,6
3.3.6.2,25,3,3,6
3.3.6.3,13,3,3,6
3.3.6.4,48,3,3,6
3.3.6.5,61,3,3,6
3.3.6.6,55,3,3,6
3.3.7.0,54,3,3,7
3.3.7.1,99,3,3,7
3.3.7.2,21,3,3,7
3.3.7.3,78,3,3,7
3.3.7.4,94,3,3,7
3.3.7.5,93,3,3,7
3.3.7.6,2,3,3,7
3.3.7.7,65,3,3,7
3.3.8.0,39,3,3,8
3.4.0.0,32,3,4,0
3.4.0.1,86,3,4,0
3.4.0.2,63,3,4,0
3.4.0.3,52,3,4,0
3.4.0.4,35,3,4,0
3.4.0.5,56,3,4,0
3.4.0.6,66,3,4,0
3.4.0.7,16,3,4,0
3.4.1.0,97,3,4,1
3.4.1.1,80,3,4,1
3.4.1.2,31,3,4,1
3.4.1.3,47,3,4,1
3.4.1.4,22,3,4,1
3.4.1.5,29,3,4,1
3.4.1.6,79,3,4,1
3.4.2.0,16,3,4,2
3.4.2.1,68,3,4,2
3.4.2.2,54,3,4,2
3.5.0.0,61,3,5,0
3.5.0.1,87,3,5,0
3.5.1.0,57,3,5,1
3.5.1.1,26,3,5,1
3.5.1.2,49,3,5,1
3.5.1.3,20,3,5,1
3.5.1.4,97,3,5,1
3.5.2.0,14,3,5,2
3.5.2.1,45,3,5,2
3.5.2.2,66,3,5,2
3.5.2.3,100,3,5,2
3.5.3.0,35,3,5,3
3.5.4.0,76,3,5,4
3.5.4.1,49,3,5,4
3.5.4.2,75,3,5,4
3.5.4.3,66,3,5,4
3.5.4.4,65,3,5,4
3.5.4.5,3,3,5,4
3.5.4.6,49,3,5,4
3.5.4.7,28,3,5,4
3.5.5.0,13,3,5,5
3.5.5.1,60,3,5,5
3.5.5.2,37,3,5,5
3.5.5.3,71,3,5,5
3.5.5.4,83,3,5,5
3.5.5.5,10,3,5,5
3.5.6.0,99,3,5,6
3.5.6.1,94,3,5,6
3.5.6.2,56,3,5,6
3.5.6.3,77,3,5,6
3.5.7.0,75,3,5,7
3.5.8.0,44,3,5,8
3.5.8.1,54,3,5,8
3.5.8.2,8,3,5,8
3.5.9.0,85,3,5,9
3.5.9.1,58,3,5,9
3.5.9.2,67,3,5,9
3.5.10.0,20,3,5,10
3.5.10.1,41,3,5,10
3.5.10.2,41,3,5,10
3.5.11.0,69,3,5,11
3.5.12.0,51,3,5,12
3.5.12.1,93,3,5,12
3.5.12.2,40,3,5,12
3.5.13.0,59,3,5,13
3.5.13.1,73,3,5,13
3.5.13.2,92,3,5,13
3.5.13.3,9,3,5,13
3.5.13.4,33,3,5,13
3.5.13.5,55,3,5,13
3.6.0.0,8,3,6,0
3.6.0.1,40,3,6,0
3.6.0.2,47,3,6,0
3.6.0.3,81,3,6,0
3.6.0.4,49,3,6,0
3.6.0.5,61,3,6,0
3.6.0.6,86,3,6,0
3.6.1.0,24,3,6,1
3.6.1.1,55,3,6,1
3.6.2.0,6,3,6,2
3.6.2.1,62,3,6,2
3.6.2.2,5,3,6,2
3.6.2.3,66,3,6,2
3.7.0.0,74,3,7,0
3.7.0.1,50,3,7,0
3.7.0.2,21,3,7,0
3.7.0.3,78,3,7,0
3.7.0.4,71,3,7,0
3.7.0.5,27,3,7,0
3.7.1.0,84,3,7,1
3.7.1.1,77,3,7,1
3.7.1.2,34,3,7,1
3.7.2.0,51,3,7,2
3.7.2.1,19,3,7,2
3.7.3.0,11,3,7,3
3.7.3.1,44,3,7,3
3.7.3.2,60,3,7,3
3.7.3.3,66,3,7,3
3.7.3.4,11,3,7,3
3.7.3.5,77,3,7,3
3.7.3.6,33,3,7,3
3.7.3.7,11,3,7,3
3.7.4.0,92,3,7,4
3.7.4.1,75,3,7,4
3.7.4.2,2,3,7,4
3.7.4.3,60,3,7,4
3.7.4.4,47,3,7,4
3.7.4.5,55,3,7,4
3.7.4.6,1,3,7,4
3.7.4.7,32,3,7,4
3.7.5.0,11,3,7,5
3.7.5.1,1,3,7,5
3.7.5.2,4,3,7,5
3.7.5.3,30,3,7,5
3.7.5.4,75,3,7,5
3.7.6.0,45,3,7,6
3.7.7.0,10,3,7,7
3.7.7.1,73,3,7,7
3.7.7.2,42,3,7,7
3.7.8.0,13,3,7,8
3.7.8.1,51,3,7,8
3.7.8.2,29,3,7,8
3.7.8.3,18,3,7,8
3.7.9.0,56,3,7,9
3.7.9.1,56,3,7,9
3.7.9.2,63,3,7,9
3.7.9.3,84,3,7,9
3.7.9.4,72,3,7,9
3.7.9.5,23,3,7,9
3.7.9.6,20,3,7,9
3.7.9.7,90,3,7,9
3.7.10.0,91,3,7,10
3.7.10.1,14,3,7,10
3.7.10.2,82,3,7,10
3.7.10.3,69,3,7,10
3.7.10.4,96,3,7,10
3.7.11.0,24,3,7,11
3.7.11.1,99,3,7,11
3.7.11.2,59,3,7,11
3.7.11.3,16,3,7,11
3.8.0.0,61,3,8,0
3.8.0.1,36,3,8,0
3.8.0.2,27,3,8,0
3.8.0.3,67,3,8,0
3.8.0.4,79,3,8,0
3.8.1.0,40,3,8,1
3.8.1.1,35,3,8,1
3.8.1.2,1,3,8,1
3.8.1.3,1,3,8,1
3.8.2.0,69,3,8,2
3.8.2.1,92,3,8,2
3.8.2.2,61,3,8,2
3.8.2.3,20,3,8,2
3.8.3.0,78,3,8,3
3.8.4.0,49,3,8,4
3.8.4.1,46,3,8,4
3.8.5.0,92,3,8,5
3.8.5.1,52,3,8,5
3.8.5.2,8,3,8,5
3.8.5.3,83,3,8,5
3.8.5.4,28,3,8,5
3.8.5.5,56,3,8,5
3.8.6.0,57,3,8,6
3.8.7.0,16,3,8,7
3.8.7.1,21,3,8,7
3.8.7.2,36,3,8,7
3.8.7.3,10,3,8,7
3.8.7.4,49,3,8,7
3.8.8.0,10,3,8,8
3.8.8.1,1,3,8,8
3.8.9.0,93,3,8,9
3.8.10.0,98,3,8,10
3.8.10.1,90,3,8,10
3.8.10.2,88,3,8,10
3.8.10.3,96,3,8,10
3.8.10.4,39,3,8,10
3.8.11.0,9,3,8,11
3.9.0.0,6,3,9,0
3.9.0.1,32,3,9,0
3.9.0.2,17,3,9,0
3.9.0.3,34,3,9,0
3.9.1.0,33,3,9,1
3.9.1.1,74,3,9,1
3.9.1.2,13,3,9,1
3.9.1.3,9,3,9,1
3.9.1.4,2,3,9,1
3.9.1.5,94,3,9,1
3.9.2.0,68,3,9,2
3.9.2.1,83,3,9,2
3.9.2.2,16,3,9,2
3.9.2.3,84,3,9,2
3.9.2.4,34,3,9,2
3.9.3.0,19,3,9,3
3.9.3.1,64,3,9,3
3.9.3.2,33,3,9,3
3.9.3.3,88,3,9,3
3.9.3.4,34,3,9,3
3.9.3.5,90,3,9,3
3.9.3.6,14,3,9,3
3.9.3.7,11,3,9,3
3.9.4.0,11,3,9,4
3.9.4.1,13,3,9,4
3.9.4.2,87,3,9,4
3.9.4.3,29,3,9,4
3.9.4.4,50,3,9,4
3.9.4.5,39,3,9,4
3.9.4.6,54,3,9,4
3.9.4.7,61,3,9,4
3.9.5.0,100,3,9,5
3.9.5.1,2,3,9,5
3.9.5.2,31,3,9,5
3.9.6.0,78,3,9,6
3.9.6.1,54,3,9,6
3.9.6.2,46,3,9,6
3.9.6.3,88,3,9,6
3.9.7.0,30,3,9,7
3.9.7.1,52,3,9,7
3.9.7.2,83,3,9,7
3.9.7.3,91,3,9,7
3.9.7.4,11,3,9,7
3.9.8.0,53,3,9,8
3.9.8.1,63,3,9,8
3.9.8.2,17,3,9,8
3.9.8.3,58,3,9,8
3.9.8.4,48,3,9,8
3.9.8.5,39,3,9,8
3.9.9.0,13,3,9,9
3.9.9.1,69,3,9,9
3.9.9.2,16,3,9,9
3.9.9.3,3,3,9,9
3.9.10.0,65,3,9,10
3.9.10.1,66,3,9,10
3.9.10.2,36,3,9,10
3.9.11.0,98,3,9,11
3.9.11.1,97,3,9,11
3.9.12.0,70,3,9,12
3.9.12.1,50,3,9,12
3.9.13.0,94,3,9,13
3.9.13.1,50,3,9,13
3.9.14.0,49,3,9,14
3.9.14.1,96,3,9,14
3.9.14.2,82,3,9,14
3.9.14.3,54,3,9,14
3.9.14.4,67,3,9,14
3.10.0.0,14,3,10,0
3.10.1.0,61,3,10,1
3.10.1.1,34,3,10,1
3.10.1.2,44,3,10,1
3.10.1.3,81,3,10,1
3.10.1.4,75,3,10,1
3.10.2.0,27,3,10,2
3.10.2.1,48,3,10,2
3.10.2.2,84,3,10,2
3.10.2.3,51,3,10,2
3.10.3.0,94,3,10,3
3.10.3.1,48,3,10,3
3.10.4.0,50,3,10,4
3.10.4.1,58,3,10,4
3.10.4.2,8,3,10,4
3.10.4.3,78,3,10,4
3.10.4.4,35,3,10,4
3.10.5.0,69,3,10,5
3.10.5.1,31,3,10,5
3.10.5.2,1,3,10,5
3.10.5.3,5,3,10,5
3.10.5.4,70,3,10,5
3.10.6.0,28,3,10,6
3.11.0.0,9,3,11,0
3.11.0.1,43,3,11,0
3.11.0.2,36,3,11,0
3.11.0.3,28,3,11,0
3.11.0.4,77,3,11,0
3.11.0.5,47,3,11,0
3.11.0.6,25,3,11,0
3.11.0.7,22,3,11,0
3.11.1.0,83,3,11,1
3.11.1.1,73,3,11,1
3.11.1.2,29,3,11,1
3.11.1.3,11,3,11,1
3.11.1.4,55,3,11,1
3.11.2.0,30,3,11,2
3.11.2.1,35,3,11,2
3.11.2.2,11,3,11,2
3.11.2.3,13,3,11,2
3.11.2.4,19,3,11,2
3.11.2.5,82,3,11,2
3.11.2.6,92,3,11,2
3.11.2.7,27,3,11,2
3.11.3.0,7,3,11,3
3.11.3.1,35,3,11,3
3.11.3.2,16,3,11,3
3.11.3.3,52,3,11,3
3.11.4.0,62,3,11,4
3.11.4.1,33,3,11,4
3.11.4.2,6,3,11,4
3.11.4.3,87,3,11,4
3.11.4.4,76,3,11,4
3.11.4.5,88,3,11,4
3.11.4.6,70,3,11,4
3.11.4.7,64,3,11,4
3.11.5.0,48,3,11,5
3.11.5.1,91,3,11,5
3.11.5.2,29,3,11,5
3.11.5.3,91,3,11,5
3.11.5.4,89,3,11,5
3.11.5.5,92,3,11,5
3.11.5.6,34,3,11,5
3.11.5.7,55,3,11,5
3.11.6.0,50,3,11,6
3.11.6.1,9,3,11,6
3.11.6.2,96,3,11,6
3.11.6.3,13,3,11,6
3.11.6.4,52,3,11,6
3.11.6.5,5,3,11,6
3.11.6.6,24,3,11,6
3.11.7.0,98,3,11,7
3.11.7.1,79,3,11,7
3.11.8.0,44,3,11,8
3.11.8.1,81,3,11,8
3.11.8.2,5,3,11,8
3.11.8.3,60,3,11,8
3.11.8.4,25,3,11,8
3.11.8.5,36,3,11,8
3.11.8.6,57,3,11,8
3.11.9.0,47,3,11,9
3.11.9.1,25,3,11,9
3.11.10.0,83,3,11,10
3.11.10.1,65,3,11,10
3.11.10.2,16,3,11,10
3.11.10.3,61,3,11,10
3.11.10.4,71,3,11,10
3.11.10.5,2,3,11,10
3.11.11.0,3,3,11,11
3.11.11.1,86,3,11,11
3.11.11.2,92,3,11,11
3.11.11.3,13,3,11,11
3.11.11.4,10,3,11,11
3.11.11.5,89,3,11,11
3.11.11.6,84,3,11,11
3.11.11.7,74,3,11,11
3.12.0.0,64,3,12,0
3.12.0.1,33,3,12,0
3.12.0.2,5,3,12,0
3.12.1.0,72,3,12,1
3.12.1.1,82,3,12,1
3.12.1.2,29,3,12,1
3.12.1.3,8,3,12,1
3.12.1.4,3,3,12,1
3.12.1.5,42,3,12,1
3.12.1.6,83,3,12,1
3.12.2.0,58,3,12,2
3.12.2.1,100,3,12,2
3.12.2.2,41,3,12,2
3.12.3.0,82,3,12,3
3.12.3.1,32,3,12,3
3.12.4.0,14,3,12,4
3.12.5.0,96,3,12,5
3.12.5.1,12,3,12,5
3.12.5.2,74,3,12,5
3.12.5.3,29,3,12,5
3.12.5.4,94,3,12,5
3.12.5.5,98,3,12,5
3.12.6.0,68,3,12,6
3.12.6.1,7,3,12,6
3.12.7.0,90,3,12,7
3.12.7.1,32,3,12,7
3.12.7.2,8,3,12,7
3.12.8.0,9,3,12,8
3.12.8.1,3,3,12,8
3.12.8.2,5,3,12,8
3.12.9.0,43,3,12,9
3.12.9.1,65,3,12,9
3.12.9.2,89,3,12,9
3.12.9.3,77,3,12,9
3.12.10.0,34,3,12,10
3.12.10.1,84,3,12,10
3.12.10.2,70,3,12,10
3.12.10.3,63,3,12,10
3.12.11.0,72,3,12,11
3.12.11.1,33,3,12,11
3.12.11.2,100,3,12,11
3.12.11.3,14,3,12,11
3.12.11.4,49,3,12,11
3.12.11.5,13,3,12,11
3.12.12.0,48,3,12,12
3.12.12.1,86,3,12,12
3.12.12.2,60,3,12,12
3.13.0.0,13,3,13,0
3.13.0.1,93,3,13,0
3.13.0.2,97,3,13,0
3.13.1.0,47,3,13,1
3.13.1.1,48,3,13,1
3.13.1.2,27,3,13,1
3.13.2.0,19,3,13,2
3.13.2.1,74,3,13,2
3.13.2.2,8,3,13,2
3.13.2.3,54,3,13,2
3.13.2.4,11,3,13,2
3.13.2.5,94,3,13,2
3.13.2.6,65,3,13,2
3.13.2.7,87,3,13,2
3.13.3.0,95,3,13,3
3.13.3.1,37,3,13,3
3.13.3.2,37,3,13,3
3.13.3.3,78,3,13,3
3.13.3.4,18,3,13,3
3.13.3.5,96,3,13,3
3.13.3.6,20,3,13,3
3.13.4.0,14,3,13,4
3.13.4.1,64,3,13,4
3.13.4.2,54,3,13,4
3.13.4.3,21,3,13,4
3.13.4.4,52,3,13,4
3.13.4.5,65,3,13,4
3.13.4.6,95,3,13,4
3.13.4.7,27,3,13,4
3.13.5.0,46,3,13,5
3.13.5.1,16,3,13,5
3.13.5.2,60,3,13,5
3.13.5.3,97,3,13,5
3.13.5.4,45,3,13,5
3.13.5.5,28,3,13,5
3.13.6.0,98,3,13,6
3.13.6.1,3,3,13,6
3.13.6.2,39,3,13,6
3.13.7.0,19,3,13,7
3.13.7.1,26,3,13,7
3.13.8.0,12,3,13,8
3.13.8.1,81,3,13,8
3.13.8.2,76,3,13,8
3.13.9.0,96,3,13,9
3.13.9.1,65,3,13,9
3.13.9.2,76,3,13,9
3.13.9.3,73,3,13,9
3.13.9.4,65,3,13,9
3.13.9.5,72,3,13,9
4.0.0.0,69,4,0,0
4.0.0.1,26,4,0,0
4.0.0.2,57,4,0,0
4.0.0.3,89,4,0,0
4.0.0.4,100,4,0,0
4.0.0.5,74,4,0,0
4.0.0.6,34,4,0,0
4.0.1.0,26,4,0,1
4.0.1.1,65,4,0,1
4.0.1.2,91,4,0,1
4.0.1.3,92,4,0,1
4.0.1.4,11,4,0,1
4.0.1.5,96,4,0,1
4.0.1.6,90,4,0,1
4.0.1.7,99,4,0,1
4.0.2.0,24,4,0,2
4.0.3.0,31,4,0,3
4.0.3.1,43,4,0,3
4.0.3.2,29,4,0,3
4.0.3.3,7,4,0,3
4.0.3.4,27,4,0,3
4.0.3.5,84,4,0,3
4.0.4.0,32,4,0,4
4.0.4.1,11,4,0,4
4.0.4.2,52,4,0,4
4.0.4.3,79,4,0,4
4.0.4.4,21,4,0,4
4.0.4.5,54,4,0,4
4.0.4.6,10,4,0,4
4.0.4.7,59,4,0,4
4.0.5.0,92,4,0,5
4.0.5.1,2,4,0,5
4.0.5.2,37,4,0,5
4.0.5.3,17,4,0,5
4.0.5.4,3,4,0,5
4.0.5.5,37,4,0,5
4.0.5.6,82,4,0,5
4.0.6.0,62,4,0,6
4.0.6.1,28,4,0,6
4.0.6.2,18,4,0,6
4.0.6.3,31,4,0,6
4.0.6.4,38,4,0,6
4.0.7.0,63,4,0,7
4.0.7.1,44,4,0,7
4.0.7.2,45,4,0,7
4.0.7.3,84,4,0,7
4.0.7.4,41,4,0,7
4.0.8.0,83,4,0,8
4.0.8.1,17,4,0,8
4.0.8.2,18,4,0,8
4.0.8.3,92,4,0,8
4.0.8.4,84,4,0,8
4.0.8.5,88,4,0,8
4.0.8.6,51,4,0,8
4.0.9.0,74,4,0,9
4.0.9.1,21,4,0,9
4.0.10.0,23,4,0,10
4.0.10.1,33,4,0,10
4.0.10.2,99,4,0,10
4.0.10.3,69,4,0,10
4.0.10.4,77,4,0,10
4.0.10.5,36,4,0,10
4.0.11.0,91,4,0,11
4.0.11.1,79,4,0,11
4.0.11.2,94,4,0,11
4.0.11.3,56,4,0,11
4.1.0.0,11,4,1,0
4.1.0.1,2,4,1,0
4.1.0.2,93,4,1,0
4.2.0.0,19,4,2,0
4.2.0.1,59,4,2,0
4.2.0.2,88,4,2,0
4.2.0.3,20,4,2,0
4.2.0.4,94,4,2,0
4.2.0.5,15,4,2,0
4.2.0.6,30,4,2,0
4.2.1.0,35,4,2,1
4.2.1.1,42,4,2,1
4.2.1.2,28,4,2,1
4.2.1.3,73,4,2,1
4.2.1.4,18,4,2,1
4.2.1.5,82,4,2,1
4.2.1.6,36,4,2,1
4.2.2.0,78,4,2,2
4.2.2.1,53,4,2,2
4.2.3.0,67,4,2,3
4.2.3.1,6,4,2,3
4.2.4.0,95,4,2,4
4.2.4.1,12,4,2,4
4.2.4.2,73,4,2,4
4.2.4.3,32,4,2,4
4.2.4.4,89,4,2,4
4.2.5.0,52,4,2,5
4.2.5.1,7,4,2,5
4.2.5.2,20,4,2,5
4.2.6.0,7,4,2,6
4.2.6.1,98,4,2,6
4.2.6.2,25,4,2,6
4.2.6.3,52,4,2,6
4.2.6.4,17,4,2,6
4.2.7.0,23,4,2,7
4.2.7.1,95,4,2,7
4.2.8.0,46,4,2,8
4.2.8.1,45,4,2,8
4.2.8.2,95,4,2,8
4.2.8.3,7,4,2,8
4.2.8.4,11,4,2,8
4.2.8.5,41,4,2,8
4.2.8.6,80,4,2,8
4.2.9.0,97,4,2,9
4.2.9.1,87,4,2,9
4.2.9.2,44,4,2,9
4.2.9.3,91,4,2,9
4.2.9.4,66,4,2,9
4.2.9.5,36,4,2,9
4.2.9.6,97,4,2,9
4.2.9.7,29,4,2,9
4.2.10.0,8,4,2,10
4.2.10.1,56,4,2,10
4.2.10.2,31,4,2,10
4.2.11.0,71,4,2,11
4.2.11.1,92,4,2,11
4.2.11.2,87,4,2,11
4.2.11.3,61,4,2,11
4.2.11.4,19,4,2,11
4.2.11.5,24,4,2,11
4.2.11.6,75,4,2,11
4.2.12.0,33,4,2,12
4.2.12.1,50,4,2,12
4.2.12.2,98,4,2,12
4.2.12.3,57,4,2,12
4.2.12.4,56,4,2,12
4.2.13.0,62,4,2,13
4.2.14.0,66,4,2,14
4.2.14.1,91,4,2,14
4.2.14.2,19,4,2,14
4.2.14.3,30,4,2,14
4.2.14.4,25,4,2,14
4.2.14.5,49,4,2,14
4.2.14.6,69,4,2,14
4.3.0.0,40,4,3,0
4.3.0.1,61,4,3,0
4.3.0.2,30,4,3,0
4.3.0.3,95,4,3,0
4.3.1.0,22,4,3,1
4.3.1.1,40,4,3,1
4.3.1.2,76,4,3,1
4.3.1.3,79,4,3,1
4.3.1.4,98,4,3,1
4.3.1.5,48,4,3,1
4.3.1.6,17,4,3,1
4.3.1.7,42,4,3,1
4.3.2.0,85,4,3,2
4.3.2.1,65,4,3,2
4.3.2.2,77,4,3,2
4.3.3.0,17,4,3,3
4.3.3.1,65,4,3,3
4.3.3.2,70,4,3,3
4.3.3.3,58,4,3,3
4.3.3.4,47,4,3,3
4.4.0.0,17,4,4,0
4.4.0.1,46,4,4,0
4.4.0.2,48,4,4,0
4.4.0.3,20,4,4,0
4.4.0.4,50,4,4,0
4.4.0.5,94,4,4,0
4.4.0.6,60,4,4,0
4.4.1.0,15,4,4,1
4.4.1.1,67,4,4,1
4.4.1.2,29,4,4,1
4.4.1.3,72,4,4,1
4.4.1.4,39,4,4,1
4.4.1.5,28,4,4,1
4.4.1.6,26,4,4,1
4.4.2.0,96,4,4,2
4.4.2.1,33,4,4,2
4.4.2.2,54,4,4,2
4.4.3.0,84,4,4,3
4.4.4.0,28,4,4,4
4.4.4.1,33,4,4,4
4.4.4.2,47,4,4,4
4.4.4.3,98,4,4,4
4.4.4.4,56,4,4,4
4.4.4.5,92,4,4,4
4.4.5.0,43,4,4,5
4.4.5.1,54,4,4,5
4.4.5.2,9,4,4,5
4.4.5.3,51,4,4,5
4.4.5.4,67,4,4,5
4.4.5.5,47,4,4,5
4.4.5.6,3,4,4,5
4.4.5.7,12,4,4,5
4.4.6.0,48,4,4,6
4.5.0.0,59,4,5,0
4.5.0.1,9,4,5,0
4.5.0.2,38,4,5,0
4.5.1.0,6,4,5,1
4.5.1.1,94,4,5,1
4.5.1.2,93,4,5,1
4.5.1.3,75,4,5,1
4.5.1.4,97,4,5,1
4.5.1.5,79,4,5,1
4.5.1.6,46,4,5,1
4.5.2.0,11,4,5,2
4.5.2.1,43,4,5,2
4.5.2.2,39,4,5,2
4.5.2.3,26,4,5,2
4.5.3.0,88,4,5,3
4.5.3.1,6,4,5,3
4.5.3.2,76,4,5,3
4.5.3.3,38,4,5,3
4.5.3.4,85,4,5,3
4.5.3.5,38,4,5,3
4.5.3.6,78,4,5,3
4.5.4.0,5,4,5,4
4.5.4.1,89,4,5,4
4.5.5.0,49,4,5,5
4.5.6.0,17,4,5,6
4.5.6.1,95,4,5,6
4.5.6.2,17,4,5,6
4.5.6.3,3,4,5,6
4.5.7.0,4,4,5,7
4.5.7.1,49,4,5,7
4.5.7.2,58,4,5,7
4.5.7.3,29,4,5,7
4.5.7.4,20,4,5,7
4.5.8.0,54,4,5,8
4.5.9.0,2,4,5,9
4.6.0.0,11,4,6,0
4.6.0.1,64,4,6,0
4.6.0.2,37,4,6,0
4.6.1.0,73,4,6,1
4.6.1.1,61,4,6,1
4.6.1.2,77,4,6,1
4.6.1.3,83,4,6,1
4.6.1.4,41,4,6,1
4.6.1.5,40,4,6,1
4.6.2.0,29,4,6,2
4.6.2.1,44,4,6,2
4.6.2.2,74,4,6,2
4.6.2.3,48,4,6,2
4.6.2.4,15,4,6,2
4.6.3.0,23,4,6,3
4.6.3.1,69,4,6,3
4.6.4.0,47,4,6,4
4.6.4.1,15,4,6,4
4.6.4.2,23,4,6,4
4.6.4.3,18,4,6,4
4.6.4.4,53,4,6,4
4.6.5.0,27,4,6,5
4.6.5.1,44,4,6,5
4.6.5.2,86,4,6,5
4.6.5.3,83,4,6,5
4.6.5.4,76,4,6,5
4.7.0.0,43,4,7,0
4.7.0.1,2,4,7,0
4.7.0.2,31,4,7,0
4.7.0.3,72,4,7,0
4.7.0.4,14,4,7,0
4.7.1.0,99,4,7,1
4.7.2.0,8,4,7,2
4.7.2.1,94,4,7,2
4.7.3.0,91,4,7,3
4.7.3.1,21,4,7,3
4.7.3.2,36,4,7,3
4.7.3.3,31,4,7,3
4.7.3.4,73,4,7,3
4.7.4.0,71,4,7,4
4.7.4.1,37,4,7,4
4.7.4.2,59,4,7,4
4.7.4.3,45,4,7,4
4.7.4.4,64,4,7,4
4.7.4.5,93,4,7,4
4.7.4.6,69,4,7,4
4.7.4.7,37,4,7,4
4.7.5.0,42,4,7,5
4.7.5.1,52,4,7,5
4.7.5.2,27,4,7,5
4.7.5.3,18,4,7,5
4.7.5.4,51,4,7,5
4.8.0.0,5,4,8,0
4.8.0.1,100,4,8,0
4.8.0.2,30,4,8,0
4.8.0.3,78,4,8,0
4.8.0.4,81,4,8,0
4.8.0.5,93,4,8,0
4.8.0.6,14,4,8,0
4.8.1.0,71,4,8,1
4.8.1.1,27,4,8,1
4.8.1.2,78,4,8,1
4.8.1.3,40,4,8,1
4.8.1.4,16,4,8,1
4.8.1.5,63,4,8,1
4.8.1.6,77,4,8,1
4.8.1.7,54,4,8,1
4.8.2.0,6,4,8,2
4.8.2.1,94,4,8,2
4.8.2.2,28,4,8,2
4.8.2.3,60,4,8,2
4.8.2.4,1,4,8,2
4.8.3.0,65,4,8,3
4.8.3.1,95,4,8,3
4.8.3.2,99,4,8,3
4.8.3.3,91,4,8,3
4.8.3.4,71,4,8,3
4.8.3.5,98,4,8,3
4.8.4.0,69,4,8,4
4.8.4.1,23,4,8,4
4.8.4.2,66,4,8,4
4.8.5.0,38,4,8,5
4.8.6.0,68,4,8,6
4.8.6.1,70,4,8,6
4.8.6.2,20,4,8,6
4.8.6.3,22,4,8,6
4.9.0.0,89,4,9,0
4.9.0.1,18,4,9,0
4.9.0.2,70,4,9,0
4.9.0.3,13,4,9,0
4.9.0.4,92,4,9,0
4.9.0.5,61,4,9,0
4.9.0.6,2,4,9,0
4.9.0.7,7,4,9,0
4.9.1.0,14,4,9,1
4.9.2.0,6,4,9,2
4.9.3.0,13,4,9,3
4.9.3.1,7,4,9,3
4.9.4.0,73,4,9,4
4.9.4.1,86,4,9,4
4.9.4.2,86,4,9,4
4.9.4.3,40,4,9,4
4.9.4.4,41,4,9,4
4.9.4.5,39,4,9,4
4.9.5.0,13,4,9,5
4.9.6.0,63,4,9,6
4.9.6.1,50,4,9,6
4.9.6.2,39,4,9,6
4.9.6.3,96,4,9,6
4.9.6.4,32,4,9,6
4.9.6.5,53,4,9,6
4.9.6.6,60,4,9,6
4.9.7.0,90,4,9,7
4.9.7.1,88,4,9,7
4.9.7.2,38,4,9,7
4.9.8.0,39,4,9,8
4.9.8.1,93,4,9,8
4.9.8.2,83,4,9,8
4.9.8.3,16,4,9,8
4.9.8.4,9,4,9,8
4.9.8.5,60,4,9,8
4.9.8.6,95,4,9,8
4.10.0.0,91,4,10,0
4.10.0.1,47,4,10,0
4.10.0.2,7,4,10,0
4.10.0.3,82,4,10,0
4.10.0.4,62,4,10,0
4.10.0.5,21,4,10,0
4.10.0.6,88,4,10,0
4.10.1.0,84,4,10,1
4.10.1.1,75,4,10,1
4.10.2.0,84,4,10,2
4.10.2.1,55,4,10,2
4.10.2.2,76,4,10,2
4.10.2.3,68,4,10,2
4.10.2.4,43,4,10,2
4.10.2.5,53,4,10,2
4.10.2.6,29,4,10,2
4.10.2.7,47,4,10,2
5.0.0.0,63,5,0,0
5.0.0.1,86,5,0,0
5.0.0.2,58,5,0,0
5.0.1.0,70,5,0,1
5.0.2.0,15,5,0,2
5.0.2.1,57,5,0,2
5.0.2.2,29,5,0,2
5.0.2.3,35,5,0,2
5.0.2.4,2,5,0,2
5.0.3.0,8,5,0,3
5.0.3.1,37,5,0,3
5.0.3.2,27,5,0,3
5.0.3.3,9,5,0,3
5.0.3.4,28,5,0,3
5.0.4.0,59,5,0,4
5.0.4.1,64,5,0,4
5.0.4.2,22,5,0,4
5.0.4.3,40,5,0,4
5.0.4.4,63,5,0,4
5.0.4.5,54,5,0,4
5.0.4.6,49,5,0,4
5.0.4.7,56,5,0,4
5.1.0.0,55,5,1,0
5.1.0.1,45,5,1,0
5.1.0.2,94,5,1,0
5.1.1.0,82,5,1,1
5.1.1.1,73,5,1,1
5.1.1.2,33,5,1,1
5.1.1.3,83,5,1,1
5.1.1.4,94,5,1,1
5.1.2.0,6,5,1,2
5.1.2.1,97,5,1,2
5.1.2.2,39,5,1,2
5.1.2.3,89,5,1,2
5.1.2.4,32,5,1,2
5.1.3.0,60,5,1,3
5.1.4.0,76,5,1,4
5.2.0.0,72,5,2,0
5.2.0.1,4,5,2,0
5.2.0.2,59,5,2,0
5.2.1.0,8,5,2,1
5.2.1.1,95,5,2,1
5.2.1.2,26,5,2,1
5.2.1.3,57,5,2,1
5.2.1.4,48,5,2,1
5.2.1.5,53,5,2,1
5.2.1.6,62,5,2,1
5.2.1.7,19,5,2,1
5.2.2.0,37,5,2,2
5.2.2.1,74,5,2,2
5.2.2.2,86,5,2,2
5.2.2.3,83,5,2,2
5.2.2.4,17,5,2,2
5.2.2.5,99,5,2,2
5.2.3.0,69,5,2,3
5.2.3.1,22,5,2,3
5.2.3.2,52,5,2,3
5.2.3.3,94,5,2,3
5.2.4.0,64,5,2,4
5.2.4.1,67,5,2,4
5.2.4.2,67,5,2,4
5.2.4.3,25,5,2,4
5.2.4.4,54,5,2,4
5.2.4.5,36,5,2,4
5.2.4.6,93,5,2,4
5.2.4.7,84,5,2,4
5.2.5.0,17,5,2,5
5.2.5.1,42,5,2,5
5.3.0.0,39,5,3,0
5.3.0.1,82,5,3,0
5.3.0.2,95,5,3,0
5.3.1.0,80,5,3,1
5.3.2.0,42,5,3,2
5.3.3.0,45,5,3,3
5.3.3.1,84,5,3,3
5.3.3.2,96,5,3,3
5.3.3.3,93,5,3,3
5.3.3.4,38,5,3,3
5.3.3.5,72,5,3,3
5.3.4.0,57,5,3,4
5.3.4.1,83,5,3,4
5.3.4.2,59,5,3,4
5.3.4.3,77,5,3,4
5.3.5.0,20,5,3,5
5.3.5.1,62,5,3,5
5.3.6.0,59,5,3,6
5.3.6.1,44,5,3,6
5.3.6.2,59,5,3,6
5.3.6.3,8,5,3,6
5.3.6.4,24,5,3,6
5.3.7.0,2,5,3,7
5.3.8.0,74,5,3,8
5.3.8.1,27,5,3,8
5.3.8.2,96,5,3,8
5.3.8.3,46,5,3,8
5.3.8.4,13,5,3,8
5.3.8.5,25,5,3,8
5.3.8.6,15,5,3,8
5.3.9.0,69,5,3,9
5.4.0.0,71,5,4,0
5.4.0.1,63,5,4,0
5.4.0.2,83,5,4,0
5.4.0.3,10,5,4,0
5.4.0.4,56,5,4,0
5.4.0.5,86,5,4,0
5.4.0.6,23,5,4,0
5.4.1.0,94,5,4,1
5.4.2.0,23,5,4,2
5.4.2.1,32,5,4,2
5.4.2.2,42,5,4,2
5.4.3.0,93,5,4,3
5.4.3.1,13,5,4,3
5.4.3.2,55,5,4,3
5.4.3.3,81,5,4,3
5.4.3.4,31,5,4,3
5.4.3.5,71,5,4,3
5.4.3.6,95,5,4,3
5.4.3.7,43,5,4,3
5.5.0.0,98,5,5,0
5.5.0.1,94,5,5,0
5.5.0.2,14,5,5,0
5.5.0.3,36,5,5,0
5.5.1.0,69,5,5,1
5.5.1.1,90,5,5,1
5.5.1.2,12,5,5,1
5.5.1.3,6,5,5,1
5.5.1.4,17,5,5,1
5.5.2.0,82,5,5,2
5.5.2.1,80,5,5,2
5.5.2.2,54,5,5,2
5.5.2.3,52,5,5,2
5.5.2.4,57,5,5,2
5.5.2.5,45,5,5,2
5.5.2.6,88,5,5,2
5.5.2.7,86,5,5,2
5.5.3.0,5,5,5,3
5.5.3.1,48,5,5,3
5.5.3.2,76,5,5,3
5.5.3.3,78,5,5,3
5.5.3.4,40,5,5,3
5.5.3.5,90,5,5,3
5.5.4.0,85,5,5,4
5.5.4.1,34,5,5,4
5.5.5.0,77,5,5,5
5.5.5.1,47,5,5,5
5.5.5.2,60,5,5,5
5.5.5.3,59,5,5,5
5.5.5.4,42,5,5,5
5.5.6.0,29,5,5,6
5.5.6.1,23,5,5,6
5.5.7.0,99,5,5,7
5.5.7.1,96,5,5,7
5.5.7.2,52,5,5,7
5.5.7.3,50,5,5,7
5.5.7.4,90,5,5,7
5.5.8.0,7,5,5,8
5.5.8.1,24,5,5,8
5.5.8.2,37,5,5,8
5.5.8.3,24,5,5,8
5.5.8.4,20,5,5,8
5.5.8.5,97,5,5,8
5.5.8.6,33,5,5,8
5.5.8.7,32,5,5,8
5.5.9.0,68,5,5,9
5.5.9.1,92,5,5,9
5.5.9.2,34,5,5,9
5.5.9.3,30,5,5,9
5.5.10.0,21,5,5,10
5.5.10.1,74,5,5,10
5.5.10.2,84,5,5,10
5.5.10.3,15,5,5,10
5.5.10.4,1,5,5,10
5.5.10.5,68,5,5,10
5.5.11.0,47,5,5,11
5.5.11.1,44,5,5,11
5.5.11.2,89,5,5,11
5.5.11.3,18,5,5,11
5.5.11.4,38,5,5,11
5.5.11.5,60,5,5,11
5.5.11.6,56,5,5,11
5.5.11.7,47,5,5,11
5.5.12.0,22,5,5,12
5.5.12.1,80,5,5,12
5.5.12.2,14,5,5,12
5.5.13.0,34,5,5,13
5.5.13.1,51,5,5,13
5.5.13.2,56,5,5,13
5.5.13.3,84,5,5,13
5.6.0.0,50,5,6,0
5.6.1.0,51,5,6,1
5.6.1.1,15,5,6,1
5.6.1.2,32,5,6,1
5.6.1.3,75,5,6,1
5.6.1.4,23,5,6,1
5.6.1.5,91,5,6,1
5.6.1.6,44,5,6,1
5.6.2.0,91,5,6,2
5.6.2.1,52,5,6,2
5.6.2.2,64,5,6,2
5.6.2.3,95,5,6,2
5.6.2.4,27,5,6,2
5.6.3.0,38,5,6,3
5.6.3.1,58,5,6,3
5.6.3.2,25,5,6,3
5.6.3.3,49,5,6,3
5.6.3.4,27,5,6,3
5.6.4.0,5,5,6,4
5.6.4.1,46,5,6,4
5.6.4.2,73,5,6,4
5.6.5.0,42,5,6,5
5.6.5.1,97,5,6,5
5.6.5.2,39,5,6,5
5.6.6.0,52,5,6,6
5.6.6.1,93,5,6,6
5.6.7.0,9,5,6,7
5.6.8.0,55,5,6,8
5.6.8.1,79,5,6,8
5.6.8.2,59,5,6,8
5.7.0.0,21,5,7,0
5.7.0.1,87,5,7,0
5.7.1.0,6,5,7,1
5.7.1.1,45,5,7,1
5.7.1.2,85,5,7,1
5.7.1.3,90,5,7,1
5.7.1.4,27,5,7,1
5.7.2.0,5,5,7,2
5.7.2.1,68,5,7,2
5.7.3.0,30,5,7,3
5.7.3.1,59,5,7,3
5.7.4.0,17,5,7,4
5.7.5.0,9,5,7,5
5.7.5.1,64,5,7,5
5.7.5.2,94,5,7,5
5.7.5.3,37,5,7,5
5.7.6.0,65,5,7,6
5.7.6.1,7,5,7,6
5.7.6.2,76,5,7,6
5.7.6.3,61,5,7,6
5.7.6.4,4,5,7,6
5.7.7.0,87,5,7,7
5.7.7.1,85,5,7,7
5.7.7.2,81,5,7,7
5.7.7.3,42,5,7,7
5.7.7.4,62,5,7,7
5.7.7.5,35,5,7,7
5.7.8.0,94,5,7,8
5.7.8.1,77,5,7,8
5.7.8.2,61,5,7,8
5.7.8.3,5,5,7,8
5.7.8.4,57,5,7,8
5.7.8.5,88,5,7,8
5.7.8.6,59,5,7,8
5.7.9.0,73,5,7,9
5.7.9.1,3,5,7,9
5.7.9.2,15,5,7,9
5.7.9.3,82,5,7,9
5.8.0.0,73,5,8,0
5.8.0.1,27,5,8,0
5.8.0.2,12,5,8,0
5.8.0.3,19,5,8,0
5.8.0.4,91,5,8,0
5.8.0.5,18,5,8,0
5.8.1.0,89,5,8,1
5.8.1.1,67,5,8,1
5.8.2.0,27,5,8,2
5.8.2.1,79,5,8,2
5.8.2.2,33,5,8,2
5.8.2.3,95,5,8,2
5.8.2.4,16,5,8,2
5.8.2.5,90,5,8,2
5.8.3.0,66,5,8,3
5.8.3.1,41,5,8,3
5.8.3.2,65,5,8,3
5.8.3.3,13,5,8,3
5.8.3.4,15,5,8,3
5.8.4.0,55,5,8,4
5.8.4.1,31,5,8,4
5.8.4.2,100,5,8,4
5.8.4.3,21,5,8,4
5.8.4.4,14,5,8,4
5.8.5.0,39,5,8,5
5.8.5.1,7,5,8,5
5.8.6.0,72,5,8,6
5.8.7.0,18,5,8,7
5.8.7.1,60,5,8,7
5.8.7.2,67,5,8,7
5.8.7.3,67,5,8,7
5.8.7.4,71,5,8,7
5.8.7.5,73,5,8,7
5.8.7.6,73,5,8,7
5.8.7.7,71,5,8,7
5.8.8.0,9,5,8,8
5.8.8.1,2,5,8,8
5.8.8.2,19,5,8,8
5.8.8.3,23,5,8,8
5.8.8.4,70,5,8,8
5.8.8.5,23,5,8,8
5.8.8.6,35,5,8,8
5.8.8.7,1,5,8,8
5.8.9.0,43,5,8,9
5.8.9.1,43,5,8,9
5.8.9.2,4,5,8,9
5.8.9.3,38,5,8,9
5.8.10.0,17,5,8,10
5.8.10.1,77,5,8,10
5.8.11.0,23,5,8,11
5.8.11.1,22,5,8,11
5.8.11.2,40,5,8,11
5.8.11.3,14,5,8,11
5.8.11.4,8,5,8,11
5.8.12.0,92,5,8,12
5.8.12.1,98,5,8,12
5.8.12.2,73,5,8,12
5.8.12.3,17,5,8,12
5.8.12.4,21,5,8,12
5.8.13.0,78,5,8,13
5.8.13.1,69,5,8,13
5.8.13.2,66,5,8,13
5.8.14.0,35,5,8,14
5.9.0.0,77,5,9,0
5.9.0.1,64,5,9,0
5.9.0.2,15,5,9,0
5.9.0.3,77,5,9,0
5.9.0.4,47,5,9,0
5.9.0.5,14,5,9,0
5.9.0.6,13,5,9,0
5.9.0.7,90,5,9,0
5.9.1.0,41,5,9,1
5.9.1.1,20,5,9,1
5.9.2.0,20,5,9,2
5.9.2.1,73,5,9,2
5.9.2.2,52,5,9,2
5.9.3.0,92,5,9,3
5.9.3.1,34,5,9,3
5.9.3.2,77,5,9,3
5.9.3.3,73,5,9,3
5.9.4.0,41,5,9,4
5.9.4.1,37,5,9,4
5.9.5.0,22,5,9,5
5.9.5.1,29,5,9,5
5.9.5.2,28,5,9,5
5.9.5.3,70,5,9,5
5.9.6.0,89,5,9,6
5.9.6.1,64,5,9,6
5.9.7.0,83,5,9,7
5.10.0.0,75,5,10,0
5.10.0.1,35,5,10,0
5.10.0.2,25,5,10,0
5.10.0.3,18,5,10,0
5.10.0.4,26,5,10,0
5.10.0.5,1,5,10,0
5.10.1.0,65,5,10,1
5.10.1.1,52,5,10,1
5.10.2.0,37,5,10,2
5.10.2.1,21,5,10,2
5.10.2.2,14,5,10,2
5.10.3.0,67,5,10,3
5.10.3.1,1,5,10,3
5.10.3.2,18,5,10,3
5.10.3.3,96,5,10,3
5.10.3.4,100,5,10,3
5.10.3.5,20,5,10,3
5.10.4.0,84,5,10,4
5.10.5.0,8,5,10,5
5.10.5.1,81,5,10,5
5.11.0.0,55,5,11,0
5.11.1.0,58,5,11,1
5.11.2.0,63,5,11,2
5.11.2.1,85,5,11,2
5.11.2.2,17,5,11,2
5.11.3.0,8,5,11,3
5.11.3.1,48,5,11,3
5.11.3.2,8,5,11,3
5.11.3.3,22,5,11,3
5.11.3.4,95,5,11,3
5.11.3.5,95,5,11,3
5.11.3.6,6,5,11,3
5.11.4.0,55,5,11,4
5.11.4.1,37,5,11,4
5.11.5.0,34,5,11,5
5.11.6.0,93,5,11,6
5.11.6.1,82,5,11,6
5.11.7.0,82,5,11,7
5.11.7.1,57,5,11,7
5.11.7.2,2,5,11,7
5.11.8.0,64,5,11,8
5.11.8.1,93,5,11,8
5.11.9.0,21,5,11,9
5.11.9.1,48,5,11,9
5.11.9.2,21,5,11,9
5.11.10.0,7,5,11,10
5.11.10.1,98,5,11,10
5.11.10.2,71,5,11,10
5.11.10.3,84,5,11,10
5.11.10.4,97,5,11,10
5.11.10.5,45,5,11,10
5.11.10.6,13,5,11,10
5.11.10.7,84,5,11,10
5.11.11.0,39,5,11,11
5.11.11.1,89,5,11,11
5.11.11.2,89,5,11,11
5.11.11.3,91,5,11,11
5.11.11.4,89,5,11,11
5.11.11.5,74,5,11,11
5.11.11.6,18,5,11,11
5.11.11.7,68,5,11,11
5.11.12.0,57,5,11,12
5.11.12.1,87,5,11,12
5.11.12.2,76,5,11,12
5.11.12.3,94,5,11,12
5.11.12.4,56,5,11,12
5.11.13.0,61,5,11,13
5.11.13.1,36,5,11,13
5.11.14.0,93,5,11,14
5.12.0.0,35,5,12,0
5.12.0.1,35,5,12,0
5.12.0.2,84,5,12,0
5.12.0.3,84,5,12,0
5.12.0.4,98,5,12,0
5.12.0.5,99,5,12,0
5.12.1.0,70,5,12,1
5.12.1.1,44,5,12,1
5.12.2.0,92,5,12,2
5.12.2.1,58,5,12,2
5.12.2.2,18,5,12,2
5.12.2.3,18,5,12,2
5.12.3.0,6,5,12,3
5.12.3.1,97,5,12,3
5.12.4.0,5,5,12,4
5.12.4.1,81,5,12,4
5.12.4.2,65,5,12,4
5.12.4.3,82,5,12,4
5.12.4.4,26,5,12,4
5.12.5.0,61,5,12,5
5.12.5.1,36,5,12,5
5.12.5.2,16,5,12,5
5.12.5.3,70,5,12,5
5.12.5.4,49,5,12,5
5.12.5.5,31,5,12,5
5.12.5.6,15,5,12,5
5.12.6.0,81,5,12,6
5.12.6.1,74,5,12,6
5.12.6.2,48,5,12,6
5.12.6.3,29,5,12,6
5.12.7.0,38,5,12,7
5.12.7.1,29,5,12,7
5.12.7.2,88,5,12,7
5.12.7.3,31,5,12,7
5.12.7.4,69,5,12,7
5.12.7.5,40,5,12,7
5.12.8.0,93,5,12,8
5.12.8.1,76,5,12,8
5.12.8.2,31,5,12,8
5.12.8.3,10,5,12,8
5.12.8.4,63,5,12,8
5.12.8.5,66,5,12,8
5.12.8.6,16,5,12,8
5.12.9.0,49,5,12,9
5.12.9.1,87,5,12,9
5.12.10.0,82,5,12,10
5.12.11.0,81,5,12,11
5.12.11.1,92,5,12,11
5.12.11.2,54,5,12,11
5.12.11.3,63,5,12,11
5.12.11.4,77,5,12,11
5.12.11.5,68,5,12,11
5.12.11.6,16,5,12,11
5.12.11.7,14,5,12,11
5.12.12.0,97,5,12,12
5.12.12.1,49,5,12,12
5.12.12.2,4,5,12,12
5.12.12.3,65,5,12,12
5.12.12.4,53,5,12,12
5.13.0.0,21,5,13,0
5.13.0.1,73,5,13,0
5.13.0.2,61,5,13,0
5.13.1.0,94,5,13,1
5.13.1.1,93,5,13,1
5.13.1.2,84,5,13,1
5.13.1.3,90,5,13,1
5.13.1.4,59,5,13,1
5.13.1.5,26,5,13,1
5.13.2.0,84,5,13,2
5.13.3.0,98,5,13,3
5.13.3.1,85,5,13,3
5.13.3.2,82,5,13,3
5.14.0.0,17,5,14,0
5.14.0.1,76,5,14,0
5.14.0.2,20,5,14,0
5.14.0.3,32,5,14,0
5.14.0.4,35,5,14,0
5.14.0.5,23,5,14,0
5.14.0.6,98,5,14,0
5.14.1.0,32,5,14,1
5.14.1.1,78,5,14,1
5.14.1.2,74,5,14,1
5.14.2.0,10,5,14,2
5.14.2.1,49,5,14,2
5.14.3.0,72,5,14,3
5.14.3.1,74,5,14,3
5.14.3.2,42,5,14,3
5.14.4.0,45,5,14,4
5.14.4.1,86,5,14,4
5.14.4.2,78,5,14,4
5.14.4.3,94,5,14,4
5.14.4.4,91,5,14,4
5.14.5.0,74,5,14,5
5.14.5.1,100,5,14,5
5.14.5.2,43,5,14,5
5.14.6.0,78,5,14,6
5.14.7.0,27,5,14,7
5.14.7.1,49,5,14,7
5.14.7.2,14,5,14,7
5.14.7.3,52,5,14,7
5.14.7.4,85,5,14,7
5.14.8.0,1,5,14,8
5.14.8.1,80,5,14,8
5.14.8.2,8,5,14,8
5.14.8.3,25,5,14,8
5.14.8.4,35,5,14,8
5.14.8.5,48,5,14,8
5.14.8.6,4,5,14,8
5.14.8.7,11,5,14,8
5.14.9.0,74,5,14,9
5.14.9.1,36,5,14,9
5.14.9.2,70,5,14,9
5.14.9.3,91,5,14,9
5.14.9.4,28,5,14,9
5.14.10.0,90,5,14,10
5.14.10.1,7,5,14,10
5.14.10.2,96,5,14,10
5.14.10.3,41,5,14,10
5.15.0.0,46,5,15,0
5.15.0.1,54,5,15,0
5.15.0.2,54,5,15,0
5.15.1.0,1,5,15,1
5.15.1.1,16,5,15,1
5.15.1.2,19,5,15,1
5.15.1.3,81,5,15,1
5.15.1.4,91,5,15,1
5.16.0.0,11,5,16,0
5.16.1.0,74,5,16,1
5.16.1.1,3,5,16,1
5.16.1.2,65,5,16,1
5.16.2.0,62,5,16,2
5.16.2.1,43,5,16,2
5.16.3.0,69,5,16,3
5.16.3.1,12,5,16,3
5.16.3.2,16,5,16,3
5.16.3.3,99,5,16,3
5.16.4.0,87,5,16,4
5.16.4.1,75,5,16,4
5.16.4.2,76,5,16,4
5.16.5.0,6,5,16,5
5.16.5.1,32,5,16,5
5.16.6.0,87,5,16,6
5.16.7.0,41,5,16,7
5.16.7.1,72,5,16,7
5.16.7.2,79,5,16,7
5.16.7.3,70,5,16,7
5.16.7.4,8,5,16,7
5.16.7.5,84,5,16,7
5.16.7.6,90,5,16,7
5.16.8.0,65,5,16,8
5.16.8.1,46,5,16,8
5.16.8.2,97,5,16,8
5.16.9.0,34,5,16,9
5.16.9.1,22,5,16,9
5.16.9.2,10,5,16,9
5.16.9.3,72,5,16,9
5.16.10.0,35,5,16,10
5.16.11.0,75,5,16,11
5.16.11.1,54,5,16,11
5.16.11.2,17,5,16,11
5.16.11.3,90,5,16,11
5.16.11.4,44,5,16,11
5.16.11.5,72,5,16,11
5.16.11.6,40,5,16,11
5.16.12.0,60,5,16,12
5.16.12.1,52,5,16,12
5.16.12.2,11,5,16,12
5.16.13.0,58,5,16,13
5.16.13.1,71,5,16,13
5.16.13.2,59,5,16,13
5.16.13.3,9,5,16,13
5.16.13.4,17,5,16,13
5.16.13.5,10,5,16,13
5.16.13.6,16,5,16,13
5.16.13.7,98,5,16,13
5.16.14.0,75,5,16,14
5.17.0.0,82,5,17,0
5.17.0.1,87,5,17,0
5.17.0.2,84,5,17,0
5.17.0.3,48,5,17,0
5.17.0.4,24,5,17,0
5.17.0.5,27,5,17,0
5.17.0.6,59,5,17,0
5.17.1.0,63,5,17,1
5.17.1.1,86,5,17,1
5.17.2.0,88,5,17,2
5.17.2.1,36,5,17,2
5.18.0.0,22,5,18,0
5.18.1.0,54,5,18,1
5.18.1.1,5,5,18,1
5.18.1.2,25,5,18,1
5.18.2.0,40,5,18,2
5.18.2.1,84,5,18,2
5.18.2.2,27,5,18,2
5.18.2.3,16,5,18,2
5.18.2.4,26,5,18,2
5.18.2.5,14,5,18,2
5.18.3.0,74,5,18,3
6.0.0.0,72,6,0,0
6.0.1.0,2,6,0,1
6.0.1.1,72,6,0,1
6.0.1.2,14,6,0,1
6.0.1.3,13,6,0,1
6.0.1.4,48,6,0,1
6.0.1.5,58,6,0,1
6.0.2.0,37,6,0,2
6.0.2.1,38,6,0,2
6.0.2.2,64,6,0,2
6.0.2.3,82,6,0,2
6.0.2.4,88,6,0,2
6.0.2.5,91,6,0,2
6.0.3.0,88,6,0,3
6.0.3.1,94,6,0,3
6.0.4.0,59,6,0,4
6.0.4.1,3,6,0,4
6.0.4.2,20,6,0,4
6.0.4.3,14,6,0,4
6.0.4.4,99,6,0,4
6.0.5.0,91,6,0,5
6.0.6.0,85,6,0,6
6.0.6.1,14,6,0,6
6.0.6.2,47,6,0,6
6.0.6.3,76,6,0,6
6.0.6.4,18,6,0,6
6.0.6.5,42,6,0,6
6.0.6.6,35,6,0,6
6.0.7.0,26,6,0,7
6.0.7.1,63,6,0,7
6.0.7.2,14,6,0,7
6.0.8.0,67,6,0,8
6.0.8.1,26,6,0,8
6.0.9.0,39,6,0,9
6.0.9.1,63,6,0,9
6.0.9.2,38,6,0,9
6.0.9.3,46,6,0,9
6.0.9.4,86,6,0,9
6.0.9.5,78,6,0,9
6.1.0.0,96,6,1,0
6.1.0.1,38,6,1,0
6.1.0.2,85,6,1,0
6.1.1.0,66,6,1,1
6.1.1.1,16,6,1,1
6.1.1.2,73,6,1,1
6.1.1.3,86,6,1,1
6.1.2.0,22,6,1,2
6.1.3.0,59,6,1,3
6.1.3.1,12,6,1,3
6.1.3.2,97,6,1,3
6.1.3.3,20,6,1,3
6.1.3.4,63,6,1,3
6.1.3.5,18,6,1,3
6.1.3.6,55,6,1,3
6.1.3.7,5,6,1,3
6.1.4.0,17,6,1,4
6.1.4.1,5,6,1,4
6.1.4.2,61,6,1,4
6.1.4.3,72,6,1,4
6.1.4.4,22,6,1,4
6.1.4.5,10,6,1,4
6.1.4.6,88,6,1,4
6.1.4.7,98,6,1,4
6.1.5.0,81,6,1,5
6.1.5.1,88,6,1,5
6.1.5.2,81,6,1,5
6.1.5.3,16,6,1,5
6.1.5.4,38,6,1,5
6.1.5.5,3,6,1,5
6.1.5.6,93,6,1,5
6.1.6.0,62,6,1,6
6.1.6.1,58,6,1,6
6.1.6.2,74,6,1,6
6.1.6.3,51,6,1,6
6.1.6.4,31,6,1,6
6.1.6.5,64,6,1,6
6.1.6.6,33,6,1,6
6.1.6.7,32,6,1,6
6.1.7.0,32,6,1,7
6.1.7.1,69,6,1,7
6.1.8.0,27,6,1,8
6.2.0.0,78,6,2,0
6.2.0.1,2,6,2,0
6.2.0.2,56,6,2,0
6.2.0.3,39,6,2,0
6.2.0.4,46,6,2,0
6.2.0.5,76,6,2,0
6.2.0.6,42,6,2,0
6.2.1.0,76,6,2,1
6.2.2.0,94,6,2,2
6.2.2.1,86,6,2,2
6.2.2.2,80,6,2,2
6.2.3.0,1,6,2,3
6.2.3.1,58,6,2,3
6.2.3.2,32,6,2,3
6.2.3.3,100,6,2,3
6.3.0.0,82,6,3,0
6.3.0.1,32,6,3,0
6.3.0.2,19,6,3,0
6.3.0.3,78,6,3,0
6.3.0.4,84,6,3,0
6.3.0.5,16,6,3,0
6.3.0.6,29,6,3,0
6.3.0.7,30,6,3,0
6.3.1.0,28,6,3,1
6.3.1.1,65,6,3,1
6.4.0.0,4,6,4,0
6.4.0.1,93,6,4,0
6.4.0.2,69,6,4,0
6.4.0.3,89,6,4,0
6.4.1.0,31,6,4,1
6.4.1.1,66,6,4,1
6.4.1.2,68,6,4,1
6.4.1.3,27,6,4,1
6.4.1.4,49,6,4,1
6.4.1.5,52,6,4,1
6.4.1.6,77,6,4,1
6.4.1.7,61,6,4,1
6.4.2.0,28,6,4,2
6.4.2.1,76,6,4,2
6.4.2.2,11,6,4,2
6.4.3.0,18,6,4,3
6.4.3.1,67,6,4,3
6.4.3.2,24,6,4,3
6.4.3.3,20,6,4,3
6.4.3.4,6,6,4,3
6.4.3.5,5,6,4,3
6.4.3.6,97,6,4,3
6.4.3.7,34,6,4,3
6.4.4.0,35,6,4,4
6.4.4.1,70,6,4,4
6.4.5.0,27,6,4,5
6.4.5.1,65,6,4,5
6.4.5.2,49,6,4,5
6.4.5.3,20,6,4,5
6.4.5.4,58,6,4,5
6.4.5.5,58,6,4,5
6.4.6.0,74,6,4,6
6.4.6.1,74,6,4,6
6.5.0.0,10,6,5,0
6.5.0.1,42,6,5,0
6.5.0.2,37,6,5,0
6.5.0.3,23,6,5,0
6.5.0.4,45,6,5,0
6.5.1.0,49,6,5,1
6.5.1.1,7,6,5,1
6.5.1.2,23,6,5,1
6.5.1.3,30,6,5,1
6.5.1.4,2,6,5,1
6.5.1.5,8,6,5,1
6.5.1.6,42,6,5,1
6.5.2.0,84,6,5,2
6.5.2.1,68,6,5,2
6.5.2.2,83,6,5,2
6.5.2.3,18,6,5,2
6.5.2.4,43,6,5,2
6.5.2.5,24,6,5,2
6.5.2.6,88,6,5,2
6.5.3.0,8,6,5,3
6.5.3.1,96,6,5,3
6.5.4.0,38,6,5,4
6.5.4.1,41,6,5,4
6.5.4.2,27,6,5,4
6.5.4.3,100,6,5,4
6.5.4.4,18,6,5,4
6.5.4.5,92,6,5,4
6.5.4.6,26,6,5,4
6.6.0.0,99,6,6,0
6.6.0.1,26,6,6,0
6.6.0.2,40,6,6,0
6.6.0.3,34,6,6,0
6.6.0.4,73,6,6,0
6.6.0.5,72,6,6,0
6.6.0.6,3,6,6,0
6.6.0.7,2,6,6,0
6.6.1.0,10,6,6,1
6.6.1.1,3,6,6,1
6.6.1.2,50,6,6,1
6.6.1.3,31,6,6,1
6.6.1.4,29,6,6,1
6.6.1.5,65,6,6,1
6.6.1.6,61,6,6,1
6.6.2.0,63,6,6,2
6.6.2.1,64,6,6,2
6.6.2.2,45,6,6,2
6.6.2.3,54,6,6,2
6.6.3.0,91,6,6,3
6.6.3.1,38,6,6,3
6.6.3.2,31,6,6,3
6.6.4.0,6,6,6,4
6.6.4.1,10,6,6,4
6.6.4.2,45,6,6,4
6.6.4.3,79,6,6,4
6.6.5.0,96,6,6,5
6.6.5.1,16,6,6,5
6.6.5.2,100,6,6,5
6.6.5.3,23,6,6,5
6.6.5.4,32,6,6,5
6.6.5.5,84,6,6,5
6.6.6.0,24,6,6,6
6.6.6.1,46,6,6,6
6.6.6.2,74,6,6,6
6.6.6.3,10,6,6,6
6.6.7.0,8,6,6,7
6.6.7.1,76,6,6,7
6.6.7.2,4,6,6,7
6.6.7.3,62,6,6,7
6.6.7.4,23,6,6,7
6.6.7.5,75,6,6,7
6.6.7.6,52,6,6,7
6.6.7.7,16,6,6,7
6.7.0.0,27,6,7,0
6.7.0.1,56,6,7,0
6.7.0.2,17,6,7,0
6.7.0.3,84,6,7,0
6.7.1.0,46,6,7,1
6.7.1.1,49,6,7,1
6.7.1.2,4,6,7,1
6.7.1.3,36,6,7,1
6.7.1.4,63,6,7,1
6.7.1.5,49,6,7,1
6.7.1.6,75,6,7,1
6.7.2.0,58,6,7,2
6.7.2.1,79,6,7,2
6.7.2.2,90,6,7,2
6.7.2.3,11,6,7,2
6.7.2.4,94,6,7,2
6.7.2.5,16,6,7,2
6.7.2.6,91,6,7,2
6.7.2.7,96,6,7,2
6.7.3.0,86,6,7,3
6.7.3.1,56,6,7,3
6.7.3.2,26,6,7,3
6.7.4.0,48,6,7,4
6.7.4.1,14,6,7,4
6.7.4.2,31,6,7,4
6.7.4.3,100,6,7,4
6.7.4.4,62,6,7,4
6.7.5.0,36,6,7,5
6.7.5.1,83,6,7,5
6.7.6.0,26,6,7,6
6.7.6.1,91,6,7,6
6.7.6.2,17,6,7,6
6.7.7.0,91,6,7,7
6.7.7.1,23,6,7,7
6.7.7.2,10,6,7,7
6.7.7.3,81,6,7,7
6.7.7.4,33,6,7,7
6.7.7.5,81,6,7,7
6.7.8.0,24,6,7,8
6.7.8.1,43,6,7,8
6.7.9.0,11,6,7,9
6.7.9.1,97,6,7,9
6.7.9.2,27,6,7,9
6.7.10.0,53,6,7,10
6.7.10.1,31,6,7,10
6.7.11.0,64,6,7,11
6.7.11.1,53,6,7,11
6.7.11.2,41,6,7,11
6.7.11.3,24,6,7,11
6.7.11.4,14,6,7,11
6.7.12.0,90,6,7,12
6.7.12.1,56,6,7,12
6.7.12.2,68,6,7,12
6.7.12.3,93,6,7,12
6.7.12.4,50,6,7,12
6.7.12.5,10,6,7,12
6.7.13.0,37,6,7,13
6.7.13.1,98,6,7,13
6.7.13.2,99,6,7,13
6.7.13.3,61,6,7,13
6.7.13.4,72,6,7,13
6.8.0.0,10,6,8,0
6.8.0.1,98,6,8,0
6.8.0.2,95,6,8,0
6.8.0.3,60,6,8,0
6.8.0.4,44,6,8,0
6.8.1.0,29,6,8,1
6.8.1.1,67,6,8,1
6.8.1.2,73,6,8,1
6.8.1.3,41,6,8,1
6.8.1.4,72,6,8,1
6.8.2.0,9,6,8,2
6.8.2.1,75,6,8,2
6.8.2.2,65,6,8,2
6.8.3.0,72,6,8,3
6.8.3.1,59,6,8,3
6.8.3.2,17,6,8,3
6.8.3.3,80,6,8,3
6.8.3.4,37,6,8,3
6.8.3.5,13,6,8,3
6.8.3.6,77,6,8,3
6.8.4.0,43,6,8,4
6.8.4.1,26,6,8,4
6.8.4.2,59,6,8,4
6.8.4.3,94,6,8,4
6.8.5.0,17,6,8,5
6.8.5.1,63,6,8,5
6.8.5.2,30,6,8,5
6.8.5.3,31,6,8,5
6.8.5.4,56,6,8,5
6.8.6.0,15,6,8,6
6.8.6.1,79,6,8,6
6.8.6.2,98,6,8,6
6.8.6.3,99,6,8,6
6.8.7.0,88,6,8,7
6.8.7.1,29,6,8,7
6.8.7.2,48,6,8,7
6.8.7.3,82,6,8,7
6.8.7.4,16,6,8,7
6.8.7.5,84,6,8,7
6.8.7.6,5,6,8,7
6.8.7.7,79,6,8,7
6.8.8.0,10,6,8,8
6.8.8.1,73,6,8,8
6.8.8.2,2,6,8,8
6.8.8.3,63,6,8,8
6.8.8.4,67,6,8,8
6.8.8.5,16,6,8,8
6.8.8.6,87,6,8,8
6.8.8.7,76,6,8,8
6.8.9.0,96,6,8,9
6.8.9.1,16,6,8,9
6.8.9.2,47,6,8,9
6.8.9.3,35,6,8,9
6.8.9.4,88,6,8,9
6.8.9.5,54,6,8,9
6.9.0.0,23,6,9,0
6.9.0.1,11,6,9,0
6.9.0.2,60,6,9,0
6.9.0.3,35,6,9,0
6.9.0.4,34,6,9,0
6.9.0.5,32,6,9,0
6.9.0.6,35,6,9,0
6.10.0.0,49,6,10,0
6.10.0.1,72,6,10,0
6.10.0.2,10,6,10,0
6.10.0.3,34,6,10,0
6.10.0.4,37,6,10,0
6.10.1.0,39,6,10,1
6.10.1.1,53,6,10,1
6.10.1.2,83,6,10,1
6.11.0.0,44,6,11,0
6.11.1.0,85,6,11,1
6.11.1.1,79,6,11,1
6.11.1.2,72,6,11,1
6.11.2.0,66,6,11,2
6.11.2.1,29,6,11,2
6.11.2.2,21,6,11,2
6.11.2.3,90,6,11,2
6.11.2.4,50,6,11,2
6.11.2.5,72,6,11,2
6.11.3.0,21,6,11,3
6.11.3.1,84,6,11,3
6.11.3.2,22,6,11,3
6.11.3.3,25,6,11,3
6.11.3.4,95,6,11,3
6.11.3.5,79,6,11,3
6.11.3.6,75,6,11,3
6.11.4.0,40,6,11,4
6.11.5.0,60,6,11,5
6.11.5.1,58,6,11,5
6.11.5.2,20,6,11,5
6.11.5.3,30,6,11,5
6.11.5.4,95,6,11,5
6.11.6.0,14,6,11,6
6.11.6.1,24,6,11,6
6.11.6.2,81,6,11,6
6.11.6.3,36,6,11,6
6.11.7.0,100,6,11,7
6.11.7.1,36,6,11,7
6.11.7.2,24,6,11,7
6.11.7.3,51,6,11,7
6.11.7.4,74,6,11,7
6.11.7.5,63,6,11,7
6.11.7.6,70,6,11,7
6.11.7.7,95,6,11,7
6.11.8.0,82,6,11,8
6.11.8.1,35,6,11,8
6.11.8.2,39,6,11,8
6.11.8.3,80,6,11,8
6.11.8.4,72,6,11,8
6.11.9.0,92,6,11,9
6.11.9.1,15,6,11,9
6.11.9.2,88,6,11,9
6.11.9.3,93,6,11,9
6.11.9.4,94,6,11,9
6.11.10.0,85,6,11,10
6.11.10.1,30,6,11,10
6.11.10.2,30,6,11,10
6.11.10.3,96,6,11,10
6.11.10.4,50,6,11,10
6.11.10.5,24,6,11,10
6.11.11.0,58,6,11,11
6.11.11.1,26,6,11,11
6.11.12.0,49,6,11,12
6.11.12.1,19,6,11,12
6.11.12.2,27,6,11,12
6.12.0.0,98,6,12,0
6.12.0.1,67,6,12,0
6.12.0.2,96,6,12,0
6.12.0.3,8,6,12,0
6.12.0.4,78,6,12,0
6.12.0.5,70,6,12,0
6.12.0.6,54,6,12,0
6.12.0.7,66,6,12,0
6.12.1.0,29,6,12,1
6.12.1.1,25,6,12,1
6.12.1.2,32,6,12,1
6.12.1.3,19,6,12,1
6.12.2.0,32,6,12,2
6.12.3.0,61,6,12,3
6.12.3.1,86,6,12,3
6.12.4.0,2,6,12,4
6.12.4.1,17,6,12,4
6.12.4.2,39,6,12,4
6.12.4.3,66,6,12,4
6.12.4.4,48,6,12,4
6.12.4.5,32,6,12,4
6.12.4.6,87,6,12,4
6.12.4.7,70,6,12,4
6.12.5.0,74,6,12,5
6.12.5.1,48,6,12,5
6.12.5.2,97,6,12,5
6.12.6.0,42,6,12,6
6.12.6.1,93,6,12,6
6.12.6.2,30,6,12,6
6.12.7.0,12,6,12,7
6.12.7.1,35,6,12,7
6.12.7.2,36,6,12,7
6.12.7.3,18,6,12,7
6.12.7.4,90,6,12,7
6.12.7.5,5,6,12,7
6.12.7.6,31,6,12,7
6.12.7.7,5,6,12,7
6.12.8.0,20,6,12,8
6.12.8.1,88,6,12,8
6.12.8.2,37,6,12,8
6.12.8.3,39,6,12,8
6.12.8.4,78,6,12,8
6.12.8.5,95,6,12,8
6.12.8.6,32,6,12,8
6.12.9.0,98,6,12,9
6.12.9.1,50,6,12,9
6.12.9.2,52,6,12,9
6.12.9.3,60,6,12,9
6.12.10.0,88,6,12,10
6.12.10.1,63,6,12,10
6.12.10.2,45,6,12,10
6.12.10.3,54,6,12,10
6.12.10.4,13,6,12,10
7.0.0.0,78,7,0,0
7.0.0.1,2,7,0,0
7.0.0.2,40,7,0,0
7.0.1.0,62,7,0,1
7.0.1.1,74,7,0,1
7.0.1.2,80,7,0,1
7.0.1.3,12,7,0,1
7.0.1.4,99,7,0,1
7.0.1.5,65,7,0,1
7.0.2.0,92,7,0,2
7.0.2.1,30,7,0,2
7.0.2.2,1,7,0,2
7.0.2.3,76,7,0,2
7.0.2.4,87,7,0,2
7.0.2.5,83,7,0,2
7.0.2.6,77,7,0,2
7.0.2.7,81,7,0,2
7.0.3.0,24,7,0,3
7.0.3.1,95,7,0,3
7.0.4.0,12,7,0,4
7.0.4.1,52,7,0,4
7.0.4.2,80,7,0,4
7.0.4.3,43,7,0,4
7.0.4.4,2,7,0,4
7.0.4.5,73,7,0,4
7.0.4.6,86,7,0,4
7.0.5.0,65,7,0,5
7.0.5.1,25,7,0,5
7.0.5.2,79,7,0,5
7.0.5.3,67,7,0,5
7.0.6.0,35,7,0,6
7.0.6.1,22,7,0,6
7.0.6.2,8,7,0,6
7.0.6.3,92,7,0,6
7.0.6.4,59,7,0,6
7.0.7.0,59,7,0,7
7.0.7.1,54,7,0,7
7.0.7.2,94,7,0,7
7.0.7.3,68,7,0,7
7.0.7.4,77,7,0,7
7.0.8.0,12,7,0,8
7.0.8.1,29,7,0,8
7.0.8.2,9,7,0,8
7.0.8.3,88,7,0,8
7.1.0.0,60,7,1,0
7.1.0.1,61,7,1,0
7.1.1.0,41,7,1,1
7.1.1.1,45,7,1,1
7.1.1.2,96,7,1,1
7.1.1.3,8,7,1,1
7.1.1.4,58,7,1,1
7.1.1.5,63,7,1,1
7.1.1.6,100,7,1,1
7.1.1.7,29,7,1,1
7.1.2.0,35,7,1,2
7.1.3.0,95,7,1,3
7.1.3.1,9,7,1,3
7.1.3.2,65,7,1,3
7.1.4.0,73,7,1,4
7.1.4.1,97,7,1,4
7.1.4.2,72,7,1,4
7.1.4.3,14,7,1,4
7.1.5.0,40,7,1,5
7.1.5.1,99,7,1,5
7.1.6.0,68,7,1,6
7.1.7.0,14,7,1,7
7.1.7.1,20,7,1,7
7.1.7.2,59,7,1,7
7.1.7.3,80,7,1,7
7.1.7.4,20,7,1,7
7.1.7.5,87,7,1,7
7.1.7.6,8,7,1,7
7.1.7.7,31,7,1,7
7.1.8.0,6,7,1,8
7.1.8.1,91,7,1,8
7.1.8.2,90,7,1,8
7.1.8.3,72,7,1,8
7.1.8.4,5,7,1,8
7.1.9.0,89,7,1,9
7.1.9.1,93,7,1,9
7.1.9.2,16,7,1,9
7.1.9.3,8,7,1,9
7.1.9.4,5,7,1,9
7.1.9.5,69,7,1,9
7.1.9.6,9,7,1,9
7.1.10.0,73,7,1,10
7.1.10.1,70,7,1,10
7.1.10.2,63,7,1,10
7.2.0.0,67,7,2,0
7.2.0.1,20,7,2,0
7.2.0.2,41,7,2,0
7.2.0.3,69,7,2,0
7.2.0.4,70,7,2,0
7.2.0.5,86,7,2,0
7.2.0.6,67,7,2,0
7.2.1.0,14,7,2,1
7.2.1.1,62,7,2,1
7.2.1.2,66,7,2,1
7.2.1.3,41,7,2,1
7.2.1.4,52,7,2,1
7.2.1.5,76,7,2,1
7.2.1.6,28,7,2,1
7.2.2.0,84,7,2,2
7.2.2.1,30,7,2,2
7.2.2.2,67,7,2,2
7.2.2.3,44,7,2,2
7.2.2.4,8,7,2,2
7.2.2.5,59,7,2,2
7.2.2.6,86,7,2,2
7.2.3.0,86,7,2,3
7.2.3.1,60,7,2,3
7.2.3.2,21,7,2,3
7.2.3.3,60,7,2,3
7.2.4.0,76,7,2,4
7.2.4.1,42,7,2,4
7.2.4.2,99,7,2,4
7.2.4.3,91,7,2,4
7.2.4.4,1,7,2,4
7.2.4.5,64,7,2,4
7.2.5.0,14,7,2,5
7.2.5.1,3,7,2,5
7.2.5.2,69,7,2,5
7.2.5.3,16,7,2,5
7.2.5.4,65,7,2,5
7.2.6.0,67,7,2,6
7.2.6.1,100,7,2,6
7.2.6.2,1,7,2,6
7.2.6.3,70,7,2,6
7.2.6.4,55,7,2,6
7.2.6.5,73,7,2,6
7.2.6.6,97,7,2,6
7.2.6.7,72,7,2,6
7.2.7.0,9,7,2,7
7.2.7.1,12,7,2,7
7.2.7.2,89,7,2,7
7.2.8.0,7,7,2,8
7.2.8.1,28,7,2,8
7.2.9.0,4,7,2,9
7.2.9.1,36,7,2,9
7.2.9.2,2,7,2,9
7.2.9.3,31,7,2,9
7.2.9.4,83,7,2,9
7.2.9.5,9,7,2,9
7.2.9.6,42,7,2,9
7.2.9.7,39,7,2,9
7.2.10.0,82,7,2,10
7.2.10.1,45,7,2,10
7.2.10.2,25,7,2,10
7.2.10.3,43,7,2,10
7.2.10.4,53,7,2,10
7.2.10.5,100,7,2,10
7.2.10.6,7,7,2,10
7.2.10.7,82,7,2,10
7.2.11.0,29,7,2,11
7.2.11.1,4,7,2,11
7.2.11.2,18,7,2,11
7.2.11.3,98,7,2,11
7.2.11.4,62,7,2,11
7.2.11.5,100,7,2,11
7.2.11.6,3,7,2,11
7.2.11.7,45,7,2,11
7.2.12.0,23,7,2,12
7.2.12.1,74,7,2,12
7.2.12.2,49,7,2,12
7.2.12.3,98,7,2,12
7.2.12.4,40,7,2,12
7.2.13.0,50,7,2,13
7.2.13.1,48,7,2,13
7.2.13.2,76,7,2,13
7.2.13.3,93,7,2,13
7.2.13.4,59,7,2,13
7.2.13.5,15,7,2,13
7.2.13.6,80,7,2,13
7.3.0.0,31,7,3,0
7.3.0.1,76,7,3,0
7.3.0.2,71,7,3,0
7.3.0.3,66,7,3,0
7.3.0.4,35,7,3,0
7.3.1.0,88,7,3,1
7.3.1.1,16,7,3,1
7.3.1.2,64,7,3,1
7.3.2.0,44,7,3,2
7.3.2.1,29,7,3,2
7.3.2.2,59,7,3,2
7.3.2.3,76,7,3,2
7.3.3.0,76,7,3,3
7.3.4.0,19,7,3,4
7.3.4.1,30,7,3,4
7.3.4.2,74,7,3,4
7.3.4.3,26,7,3,4
7.3.4.4,98,7,3,4
7.3.4.5,66,7,3,4
7.3.5.0,72,7,3,5
7.3.6.0,42,7,3,6
7.3.6.1,47,7,3,6
7.3.6.2,1,7,3,6
7.3.6.3,82,7,3,6
7.3.6.4,98,7,3,6
7.3.7.0,32,7,3,7
7.3.7.1,56,7,3,7
7.3.7.2,79,7,3,7
7.4.0.0,27,7,4,0
7.4.0.1,14,7,4,0
7.4.1.0,32,7,4,1
7.4.1.1,8,7,4,1
7.4.1.2,21,7,4,1
7.4.1.3,1,7,4,1
7.4.1.4,33,7,4,1
7.4.1.5,13,7,4,1
7.4.1.6,41,7,4,1
7.4.1.7,31,7,4,1
7.4.2.0,79,7,4,2
7.4.2.1,20,7,4,2
7.4.2.2,44,7,4,2
7.4.2.3,24,7,4,2
7.4.2.4,53,7,4,2
7.4.2.5,45,7,4,2
7.4.2.6,20,7,4,2
7.4.3.0,36,7,4,3
7.4.3.1,64,7,4,3
7.4.3.2,92,7,4,3
7.4.4.0,35,7,4,4
7.4.4.1,80,7,4,4
7.4.4.2,12,7,4,4
7.4.4.3,9,7,4,4
7.4.4.4,89,7,4,4
7.4.4.5,46,7,4,4
7.4.4.6,88,7,4,4
7.4.5.0,99,7,4,5
7.4.5.1,71,7,4,5
7.4.5.2,96,7,4,5
7.5.0.0,100,7,5,0
7.5.0.1,22,7,5,0
7.5.0.2,79,7,5,0
7.5.0.3,98,7,5,0
7.5.0.4,95,7,5,0
7.5.0.5,96,7,5,0
7.5.0.6,13,7,5,0
7.5.0.7,77,7,5,0
7.5.1.0,46,7,5,1
7.5.1.1,89,7,5,1
7.5.1.2,24,7,5,1
7.5.2.0,100,7,5,2
7.5.3.0,100,7,5,3
7.5.3.1,22,7,5,3
7.5.3.2,49,7,5,3
7.5.3.3,13,7,5,3
7.5.3.4,64,7,5,3
7.5.3.5,26,7,5,3
7.5.4.0,78,7,5,4
7.5.4.1,74,7,5,4
7.5.4.2,71,7,5,4
7.5.4.3,41,7,5,4
7.5.4.4,58,7,5,4
7.5.4.5,8,7,5,4
7.5.5.0,2,7,5,5
7.5.5.1,47,7,5,5
7.5.5.2,68,7,5,5
7.5.5.3,19,7,5,5
7.5.5.4,93,7,5,5
7.5.6.0,68,7,5,6
7.5.6.1,97,7,5,6
7.6.0.0,66,7,6,0
7.6.0.1,88,7,6,0
7.6.0.2,84,7,6,0
7.6.0.3,97,7,6,0
7.6.0.4,94,7,6,0
7.6.0.5,30,7,6,0
7.6.1.0,99,7,6,1
7.6.1.1,7,7,6,1
7.6.1.2,42,7,6,1
7.6.1.3,33,7,6,1
7.6.1.4,60,7,6,1
7.6.1.5,47,7,6,1
7.6.2.0,74,7,6,2
7.6.3.0,42,7,6,3
7.6.3.1,6,7,6,3
7.6.3.2,15,7,6,3
7.6.4.0,19,7,6,4
7.6.4.1,44,7,6,4
7.6.4.2,10,7,6,4
7.6.4.3,3,7,6,4
7.6.4.4,60,7,6,4
7.6.5.0,53,7,6,5
7.6.5.1,76,7,6,5
7.6.5.2,9,7,6,5
7.6.5.3,27,7,6,5
7.6.5.4,28,7,6,5
7.6.6.0,96,7,6,6
7.6.6.1,80,7,6,6
7.6.6.2,16,7,6,6
7.6.7.0,49,7,6,7
7.6.7.1,6,7,6,7
7.6.7.2,88,7,6,7
7.6.7.3,1,7,6,7
7.6.8.0,22,7,6,8
7.6.8.1,31,7,6,8
7.6.8.2,23,7,6,8
7.6.8.3,6,7,6,8
7.6.8.4,49,7,6,8
7.6.8.5,25,7,6,8
7.6.8.6,55,7,6,8
7.6.9.0,30,7,6,9
7.6.9.1,40,7,6,9
7.6.9.2,83,7,6,9
7.6.9.3,87,7,6,9
7.6.9.4,54,7,6,9
7.6.9.5,58,7,6,9
7.6.9.6,81,7,6,9
7.6.9.7,81,7,6,9
8.0.0.0,46,8,0,0
8.0.1.0,91,8,0,1
8.0.1.1,60,8,0,1
8.0.1.2,96,8,0,1
8.0.1.3,4,8,0,1
8.0.2.0,48,8,0,2
8.0.2.1,47,8,0,2
8.0.2.2,16,8,0,2
8.0.2.3,61,8,0,2
8.0.2.4,70,8,0,2
8.0.3.0,53,8,0,3
8.0.3.1,10,8,0,3
8.0.3.2,54,8,0,3
8.0.3.3,23,8,0,3
8.0.4.0,49,8,0,4
8.0.5.0,92,8,0,5
8.0.5.1,9,8,0,5
8.0.5.2,41,8,0,5
8.0.6.0,43,8,0,6
8.0.6.1,18,8,0,6
8.0.6.2,60,8,0,6
8.0.6.3,42,8,0,6
8.0.6.4,37,8,0,6
8.0.6.5,10,8,0,6
8.0.6.6,38,8,0,6
8.0.7.0,84,8,0,7
8.0.7.1,25,8,0,7
8.0.7.2,48,8,0,7
8.0.8.0,87,8,0,8
8.0.8.1,91,8,0,8
8.0.9.0,33,8,0,9
8.0.9.1,31,8,0,9
8.0.9.2,92,8,0,9
8.0.9.3,26,8,0,9
8.0.9.4,40,8,0,9
8.0.9.5,21,8,0,9
8.1.0.0,99,8,1,0
8.1.0.1,57,8,1,0
8.1.0.2,50,8,1,0
8.1.1.0,86,8,1,1
8.1.1.1,26,8,1,1
8.1.1.2,43,8,1,1
8.1.1.3,75,8,1,1
8.2.0.0,37,8,2,0
8.2.0.1,12,8,2,0
8.2.0.2,77,8,2,0
8.2.1.0,85,8,2,1
8.2.1.1,47,8,2,1
8.2.1.2,75,8,2,1
8.2.1.3,46,8,2,1
8.2.1.4,78,8,2,1
8.2.1.5,64,8,2,1
8.2.1.6,69,8,2,1
8.2.1.7,15,8,2,1
8.2.2.0,55,8,2,2
8.2.2.1,19,8,2,2
8.2.2.2,25,8,2,2
8.2.2.3,96,8,2,2
8.2.2.4,19,8,2,2
8.2.2.5,27,8,2,2
8.2.2.6,63,8,2,2
8.2.2.7,94,8,2,2
8.3.0.0,7,8,3,0
8.3.0.1,34,8,3,0
8.3.0.2,82,8,3,0
8.3.1.0,77,8,3,1
8.3.1.1,55,8,3,1
8.3.1.2,23,8,3,1
8.3.1.3,73,8,3,1
8.3.1.4,62,8,3,1
8.3.1.5,58,8,3,1
8.3.1.6,33,8,3,1
8.3.1.7,87,8,3,1
8.3.2.0,32,8,3,2
8.3.2.1,20,8,3,2
8.3.2.2,47,8,3,2
8.3.2.3,29,8,3,2
8.3.2.4,55,8,3,2
8.3.2.5,5,8,3,2
8.3.2.6,92,8,3,2
8.3.2.7,41,8,3,2
8.3.3.0,11,8,3,3
8.3.3.1,13,8,3,3
8.3.3.2,95,8,3,3
8.3.3.3,1,8,3,3
8.3.3.4,85,8,3,3
8.3.3.5,49,8,3,3
8.3.3.6,7,8,3,3
8.3.4.0,19,8,3,4
8.3.5.0,88,8,3,5
8.3.5.1,8,8,3,5
8.3.6.0,21,8,3,6
8.3.6.1,3,8,3,6
8.3.6.2,83,8,3,6
8.3.6.3,41,8,3,6
8.3.6.4,12,8,3,6
8.3.6.5,2,8,3,6
8.3.6.6,86,8,3,6
8.3.7.0,20,8,3,7
8.3.7.1,39,8,3,7
8.3.7.2,47,8,3,7
8.3.7.3,96,8,3,7
8.3.7.4,8,8,3,7
8.3.8.0,27,8,3,8
8.3.8.1,5,8,3,8
8.4.0.0,32,8,4,0
8.4.0.1,30,8,4,0
8.4.0.2,94,8,4,0
8.4.1.0,82,8,4,1
8.4.1.1,91,8,4,1
8.4.1.2,98,8,4,1
8.4.1.3,81,8,4,1
8.4.2.0,45,8,4,2
8.4.2.1,48,8,4,2
8.4.2.2,50,8,4,2
8.4.3.0,42,8,4,3
8.4.3.1,2,8,4,3
8.4.3.2,79,8,4,3
8.4.4.0,25,8,4,4
8.4.4.1,7,8,4,4
8.4.4.2,60,8,4,4
8.4.5.0,43,8,4,5
8.4.6.0,73,8,4,6
8.4.6.1,61,8,4,6
8.4.6.2,58,8,4,6
8.4.6.3,4,8,4,6
8.4.6.4,61,8,4,6
8.4.6.5,40,8,4,6
8.4.6.6,99,8,4,6
8.4.6.7,58,8,4,6
8.4.7.0,75,8,4,7
8.4.8.0,68,8,4,8
8.4.8.1,50,8,4,8
8.4.8.2,5,8,4,8
8.4.8.3,62,8,4,8
8.4.9.0,77,8,4,9
8.4.10.0,49,8,4,10
8.4.10.1,55,8,4,10
8.4.10.2,40,8,4,10
8.4.10.3,88,8,4,10
8.4.10.4,71,8,4,10
8.4.10.5,94,8,4,10
8.4.10.6,83,8,4,10
8.4.10.7,18,8,4,10
8.4.11.0,6,8,4,11
8.4.12.0,93,8,4,12
8.4.12.1,69,8,4,12
8.4.12.2,23,8,4,12
8.4.12.3,68,8,4,12
8.4.12.4,20,8,4,12
8.4.12.5,6,8,4,12
8.4.12.6,25,8,4,12
8.4.12.7,43,8,4,12
8.4.13.0,55,8,4,13
8.4.14.0,77,8,4,14
8.4.14.1,36,8,4,14
8.4.14.2,20,8,4,14
8.5.0.0,2,8,5,0
8.5.0.1,53,8,5,0
8.5.0.2,54,8,5,0
8.5.0.3,25,8,5,0
8.5.0.4,34,8,5,0
8.5.1.0,94,8,5,1
8.5.1.1,48,8,5,1
8.5.1.2,11,8,5,1
8.5.2.0,10,8,5,2
8.5.2.1,56,8,5,2
8.5.2.2,31,8,5,2
8.5.2.3,51,8,5,2
8.5.2.4,55,8,5,2
8.5.2.5,7,8,5,2
8.5.2.6,61,8,5,2
8.5.3.0,3,8,5,3
8.5.3.1,56,8,5,3
8.5.3.2,28,8,5,3
8.5.3.3,81,8,5,3
8.5.4.0,64,8,5,4
8.5.4.1,30,8,5,4
8.5.4.2,14,8,5,4
8.5.4.3,68,8,5,4
8.5.4.4,72,8,5,4
8.5.4.5,52,8,5,4
8.5.5.0,51,8,5,5
8.5.5.1,88,8,5,5
8.5.5.2,62,8,5,5
8.5.5.3,90,8,5,5
8.5.5.4,39,8,5,5
8.5.5.5,97,8,5,5
8.5.6.0,53,8,5,6
8.5.6.1,56,8,5,6
8.5.7.0,78,8,5,7
8.5.7.1,17,8,5,7
8.5.7.2,65,8,5,7
8.5.7.3,56,8,5,7
8.5.7.4,50,8,5,7
8.5.7.5,54,8,5,7
8.5.7.6,96,8,5,7
8.5.7.7,45,8,5,7
8.5.8.0,95,8,5,8
8.5.8.1,22,8,5,8
8.5.9.0,52,8,5,9
8.5.9.1,44,8,5,9
8.5.9.2,58,8,5,9
8.5.9.3,41,8,5,9
8.5.9.4,83,8,5,9
8.5.9.5,85,8,5,9
8.5.10.0,61,8,5,10
8.5.10.1,74,8,5,10
8.5.11.0,75,8,5,11
8.5.11.1,71,8,5,11
8.5.11.2,97,8,5,11
8.5.11.3,34,8,5,11
8.5.11.4,74,8,5,11
8.5.11.5,52,8,5,11
8.5.11.6,98,8,5,11
8.5.12.0,73,8,5,12
8.5.12.1,32,8,5,12
8.5.12.2,28,8,5,12
8.5.12.3,35,8,5,12
8.5.12.4,26,8,5,12
8.5.12.5,31,8,5,12
8.5.12.6,53,8,5,12
8.5.12.7,9,8,5,12
8.5.13.0,100,8,5,13
8.5.13.1,25,8,5,13
8.6.0.0,25,8,6,0
8.6.0.1,54,8,6,0
8.6.0.2,5,8,6,0
8.6.0.3,46,8,6,0
8.6.1.0,38,8,6,1
8.6.2.0,83,8,6,2
8.6.2.1,59,8,6,2
8.6.2.2,78,8,6,2
8.6.2.3,53,8,6,2
8.6.2.4,89,8,6,2
8.6.2.5,98,8,6,2
8.6.2.6,41,8,6,2
8.6.2.7,95,8,6,2
8.6.3.0,38,8,6,3
8.6.3.1,15,8,6,3
8.6.3.2,81,8,6,3
8.6.3.3,15,8,6,3
8.6.3.4,14,8,6,3
8.6.3.5,37,8,6,3
8.6.4.0,77,8,6,4
8.6.4.1,46,8,6,4
8.6.4.2,84,8,6,4
8.6.4.3,70,8,6,4
8.6.4.4,89,8,6,4
8.6.5.0,39,8,6,5
8.6.5.1,85,8,6,5
8.6.5.2,42,8,6,5
8.6.5.3,33,8,6,5
8.6.5.4,6,8,6,5
8.6.5.5,38,8,6,5
8.7.0.0,13,8,7,0
8.7.0.1,65,8,7,0
8.7.0.2,56,8,7,0
8.7.0.3,56,8,7,0
8.7.1.0,41,8,7,1
8.7.1.1,38,8,7,1
8.7.1.2,6,8,7,1
8.7.1.3,7,8,7,1
8.7.1.4,76,8,7,1
8.7.1.5,87,8,7,1
8.7.1.6,76,8,7,1
8.7.1.7,55,8,7,1
8.7.2.0,69,8,7,2
8.7.2.1,25,8,7,2
8.7.2.2,84,8,7,2
8.7.2.3,59,8,7,2
8.7.3.0,2,8,7,3
8.7.3.1,59,8,7,3
8.7.3.2,8,8,7,3
8.7.4.0,40,8,7,4
8.7.4.1,9,8,7,4
8.7.4.2,9,8,7,4
8.7.4.3,81,8,7,4
8.7.5.0,75,8,7,5
8.7.5.1,10,8,7,5
8.7.5.2,29,8,7,5
8.7.5.3,39,8,7,5
8.7.5.4,54,8,7,5
8.7.5.5,7,8,7,5
8.7.5.6,17,8,7,5
8.7.5.7,13,8,7,5
8.7.6.0,73,8,7,6
8.7.6.1,11,8,7,6
8.7.7.0,7,8,7,7
8.7.8.0,7,8,7,8
8.7.8.1,37,8,7,8
8.7.8.2,56,8,7,8
8.7.8.3,57,8,7,8
8.7.8.4,42,8,7,8
8.7.9.0,55,8,7,9
8.8.0.0,30,8,8,0
8.8.0.1,13,8,8,0
8.8.1.0,3,8,8,1
8.8.1.1,92,8,8,1
8.8.1.2,32,8,8,1
8.8.1.3,20,8,8,1
8.8.1.4,95,8,8,1
8.9.0.0,49,8,9,0
8.9.0.1,87,8,9,0
8.9.0.2,29,8,9,0
8.9.0.3,62,8,9,0
8.9.1.0,75,8,9,1
8.9.1.1,71,8,9,1
8.9.1.2,26,8,9,1
8.9.1.3,31,8,9,1
8.9.1.4,97,8,9,1
8.9.1.5,6,8,9,1
8.9.1.6,17,8,9,1
8.9.1.7,47,8,9,1
8.9.2.0,29,8,9,2
8.9.2.1,37,8,9,2
8.9.2.2,69,8,9,2
8.9.3.0,17,8,9,3
8.9.3.1,59,8,9,3
8.9.3.2,10,8,9,3
8.9.3.3,66,8,9,3
8.9.3.4,42,8,9,3
8.9.3.5,44,8,9,3
8.9.4.0,72,8,9,4
8.9.4.1,35,8,9,4
8.9.4.2,98,8,9,4
8.9.4.3,19,8,9,4
8.9.4.4,17,8,9,4
8.9.4.5,87,8,9,4
8.9.5.0,33,8,9,5
8.9.6.0,9,8,9,6
8.9.6.1,64,8,9,6
8.9.7.0,43,8,9,7
8.9.7.1,23,8,9,7
8.9.7.2,88,8,9,7
8.9.7.3,65,8,9,7
8.9.7.4,61,8,9,7
8.9.7.5,29,8,9,7
8.9.7.6,9,8,9,7
8.9.8.0,64,8,9,8
8.9.8.1,62,8,9,8
8.9.8.2,60,8,9,8
8.9.8.3,12,8,9,8
8.9.9.0,73,8,9,9
8.9.9.1,60,8,9,9
8.9.9.2,34,8,9,9
8.9.9.3,1,8,9,9
8.9.9.4,43,8,9,9
8.9.9.5,36,8,9,9
8.9.9.6,82,8,9,9
8.9.9.7,44,8,9,9
8.10.0.0,39,8,10,0
8.10.0.1,78,8,10,0
8.10.0.2,69,8,10,0
8.10.0.3,7,8,10,0
8.10.0.4,85,8,10,0
8.10.0.5,19,8,10,0
8.10.1.0,59,8,10,1
8.10.1.1,63,8,10,1
8.10.1.2,22,8,10,1
8.10.1.3,94,8,10,1
8.10.1.4,31,8,10,1
8.10.2.0,38,8,10,2
8.10.2.1,31,8,10,2
8.10.3.0,13,8,10,3
8.10.3.1,71,8,10,3
8.10.4.0,85,8,10,4
8.10.5.0,91,8,10,5
8.10.5.1,36,8,10,5
8.10.5.2,15,8,10,5
8.10.5.3,94,8,10,5
8.10.5.4,67,8,10,5
8.10.6.0,36,8,10,6
8.10.6.1,87,8,10,6
8.10.6.2,78,8,10,6
8.10.6.3,15,8,10,6
8.10.6.4,57,8,10,6
8.10.6.5,50,8,10,6
8.10.6.6,64,8,10,6
8.10.7.0,10,8,10,7
8.10.7.1,15,8,10,7
8.10.7.2,89,8,10,7
8.10.7.3,98,8,10,7
8.10.7.4,52,8,10,7
8.10.7.5,44,8,10,7
8.10.7.6,91,8,10,7
8.10.7.7,71,8,10,7
8.10.8.0,38,8,10,8
8.10.8.1,63,8,10,8
8.10.8.2,46,8,10,8
8.10.8.3,11,8,10,8
8.10.8.4,3,8,10,8
9.0.0.0,85,9,0,0
9.0.0.1,71,9,0,0
9.0.0.2,61,9,0,0
9.0.0.3,9,9,0,0
9.0.1.0,38,9,0,1
9.0.1.1,40,9,0,1
9.0.1.2,5,9,0,1
9.0.1.3,44,9,0,1
9.0.1.4,90,9,0,1
9.0.1.5,39,9,0,1
9.0.1.6,44,9,0,1
9.0.2.0,29,9,0,2
9.0.2.1,33,9,0,2
9.0.2.2,97,9,0,2
9.0.2.3,70,9,0,2
9.0.2.4,53,9,0,2
9.0.2.5,50,9,0,2
9.0.2.6,74,9,0,2
9.0.3.0,19,9,0,3
9.0.4.0,94,9,0,4
9.0.4.1,100,9,0,4
9.0.5.0,75,9,0,5
9.0.5.1,11,9,0,5
9.0.5.2,65,9,0,5
9.0.5.3,2,9,0,5
9.0.5.4,6,9,0,5
9.0.5.5,55,9,0,5
9.0.5.6,67,9,0,5
9.0.6.0,40,9,0,6
9.0.6.1,66,9,0,6
9.0.7.0,36,9,0,7
9.0.7.1,23,9,0,7
9.0.7.2,72,9,0,7
9.0.8.0,2,9,0,8
9.0.8.1,48,9,0,8
9.0.8.2,92,9,0,8
9.0.8.3,25,9,0,8
9.0.8.4,45,9,0,8
9.0.8.5,97,9,0,8
9.0.8.6,17,9,0,8
9.0.9.0,98,9,0,9
9.0.9.1,12,9,0,9
9.0.9.2,96,9,0,9
9.0.9.3,30,9,0,9
9.0.9.4,66,9,0,9
9.0.9.5,55,9,0,9
9.0.9.6,3,9,0,9
9.0.10.0,47,9,0,10
9.0.10.1,85,9,0,10
9.0.10.2,18,9,0,10
9.0.10.3,38,9,0,10
9.0.10.4,96,9,0,10
9.0.10.5,62,9,0,10
9.0.10.6,29,9,0,10
9.0.11.0,10,9,0,11
9.0.11.1,81,9,0,11
9.0.11.2,21,9,0,11
9.0.12.0,17,9,0,12
9.0.12.1,71,9,0,12
9.1.0.0,84,9,1,0
9.1.0.1,63,9,1,0
9.1.0.2,9,9,1,0
9.1.0.3,35,9,1,0
9.1.0.4,13,9,1,0
9.1.0.5,63,9,1,0
9.1.1.0,15,9,1,1
9.1.1.1,69,9,1,1
9.1.1.2,72,9,1,1
9.1.2.0,8,9,1,2
9.1.3.0,96,9,1,3
9.1.3.1,95,9,1,3
9.1.3.2,94,9,1,3
9.1.3.3,96,9,1,3
9.1.3.4,68,9,1,3
9.1.4.0,28,9,1,4
9.1.4.1,16,9,1,4
9.1.4.2,61,9,1,4
9.1.4.3,16,9,1,4
9.1.5.0,50,9,1,5
9.1.5.1,42,9,1,5
9.1.5.2,21,9,1,5
9.1.5.3,76,9,1,5
9.1.6.0,58,9,1,6
9.1.6.1,72,9,1,6
9.1.6.2,35,9,1,6
9.1.6.3,8,9,1,6
9.1.6.4,45,9,1,6
9.1.6.5,15,9,1,6
9.1.6.6,74,9,1,6
9.1.7.0,96,9,1,7
9.1.7.1,14,9,1,7
9.1.7.2,32,9,1,7
9.1.7.3,99,9,1,7
9.1.7.4,77,9,1,7
9.1.8.0,58,9,1,8
9.1.8.1,16,9,1,8
9.1.9.0,87,9,1,9
